QYEAR,NEWID,SEQNO,ALCNO,REC_ORIG,VEHICYC,VEHICYC_,VEHDISP,VEHDISP_,VDISPMO,VDISPMO_,SALEX,SALEX_,REIMBURX,REIM_URX,EXREIMBX,EXRE_MBX,LOANSTAT,LOAN_TAT,FINPAYMX,FINP_YMX,VEHICIC,VEHICIC_
20222,04817024,21,0,1,110,D,1,D,03,D,3000,D,,A,,A,2,D,,A,02,D
20222,04817344,16,0,1,110,D,3,D,01,D,,A,,A,,A,2,D,,A,01,D
20222,04819074,10,0,1,100,D,6,D,01,D,,A,,A,,A,2,D,,A,01,D
20222,04820734,43,0,1,200,D,1,D,03,D,1900,D,,A,,A,2,D,,A,08,D
20222,04820884,26,0,1,100,D,2,D,01,D,,A,,A,,A,2,D,,A,01,D
20222,04821054,12,0,1,110,D,1,D,02,D,4000,F,,A,,A,2,D,,A,01,D
20222,04821104,19,0,1,110,D,4,D,03,D,,A,,A,13000,F,1,D,25000,D,01,D
20222,04821884,19,0,1,100,D,3,D,02,D,,A,,A,,A,2,D,,A,01,D
20222,04821884,20,0,1,100,D,6,D,02,D,,A,,A,,A,2,D,,A,04,D
20222,04822584,25,0,1,100,D,1,D,01,D,12000,D,,A,,A,2,D,,A,02,D
20222,04822864,25,0,1,100,D,3,D,02,D,,A,,A,,A,2,D,,A,03,D
20222,04824264,23,0,1,100,D,6,D,03,D,,A,,A,,A,2,D,,A,02,D
20222,04824264,24,0,1,100,D,6,D,03,D,,A,,A,,A,2,D,,A,03,D
20222,04825084,25,0,1,110,D,6,D,03,D,,A,,A,,A,2,D,,A,02,D
20222,04825194,30,0,2,110,D,1,D,01,D,1500,D,,A,,A,2,D,,A,04,D
20222,04825234,36,0,2,110,D,6,D,01,D,,A,,A,,A,2,D,,A,01,D
20222,04825234,37,0,2,110,D,6,D,01,D,,A,,A,,A,2,D,,A,02,D
20222,04825234,38,0,2,110,D,6,D,01,D,,A,,A,,A,2,D,,A,03,D
20222,04825834,23,0,1,100,D,6,D,01,D,,A,,A,,A,,C,,A,02,D
20222,04825834,24,0,1,110,D,6,D,01,D,,A,,A,,A,,C,,A,03,D
20222,04825844,74,0,2,100,D,1,D,01,D,60500,D,,A,,A,1,D,31300,D,03,D
20222,04826614,35,0,1,110,D,1,D,03,D,1200,D,,A,,A,2,D,,A,02,D
20222,04826614,36,0,1,135,D,1,D,03,D,6000,D,,A,,A,2,D,,A,05,D
20222,04827324,23,0,1,100,D,3,D,04,D,,A,,A,,A,2,D,,A,02,D
20222,04828544,30,0,1,200,D,1,D,04,D,18000,D,,A,,A,2,D,,A,02,D
20222,04828974,21,0,1,110,D,3,D,02,D,,A,,A,,A,2,D,,A,01,D
20222,04831484,27,0,1,100,D,3,D,04,D,,A,,A,,A,2,D,,A,02,D
20222,04831484,28,0,1,100,D,3,D,04,D,,A,,A,,A,2,D,,A,03,D
20222,04831564,22,0,1,110,D,2,D,04,D,,A,,A,,A,2,D,,A,02,D
20222,04832314,31,0,1,110,D,2,D,03,D,,A,,A,,A,1,D,13018,D,01,D
20222,04832344,36,0,1,110,D,1,D,02,D,3000,D,,A,,A,2,D,,A,08,D
20222,04832644,7,0,1,100,D,1,D,03,D,1000,F,,A,,A,2,D,,A,01,D
20222,04832694,48,0,1,200,D,1,D,02,D,2000,D,,A,,A,2,D,,A,08,D
20222,04833024,26,0,1,110,D,6,D,03,D,,A,,A,,A,2,D,,A,01,D
20222,04833224,20,0,1,100,D,4,D,04,D,,A,,A,,A,2,D,,A,01,D
20222,04833474,19,0,1,200,D,6,D,02,D,,A,,A,,A,2,D,,A,03,D
20222,04833584,54,0,1,100,D,1,D,04,D,3500,D,,A,,A,2,D,,A,01,D
20222,04834304,31,0,1,100,D,2,D,02,D,,A,,A,,A,2,D,,A,02,D
20222,04834984,46,0,1,110,D,3,D,03,D,,A,,A,,A,2,D,,A,03,D
20222,04836054,49,0,1,160,D,3,D,04,D,,A,,A,,A,2,D,,A,11,D
20222,04837164,29,0,1,110,D,3,D,03,D,,A,,A,,A,2,D,,A,02,D
20222,04837664,16,0,1,100,D,1,D,04,D,11500,D,,A,,A,2,D,,A,02,D
20222,04838204,44,0,1,110,D,4,D,04,D,,A,22000,D,,A,2,D,,A,02,D
20222,04838534,12,0,1,110,D,1,D,05,D,4000,D,,A,,A,2,D,,A,01,D
20222,04838734,27,0,1,110,D,3,D,05,D,,A,,A,,A,2,D,,A,04,D
20222,04839164,13,0,1,100,D,1,D,04,D,1000,D,,A,,A,2,D,,A,01,D
20222,04839324,22,0,1,100,D,6,D,05,D,,A,,A,,A,1,D,,A,01,D
20222,04839324,23,0,1,110,D,2,D,03,D,,A,,A,,A,1,D,13000,D,02,D
20222,04839344,23,0,1,100,D,1,D,04,D,100,D,,A,,A,2,D,,A,01,D
20222,04839554,31,0,1,110,D,1,D,05,D,1200,F,,A,,A,1,D,,A,02,D
20222,04839814,44,0,1,110,D,4,D,05,D,,A,13000,D,,A,1,D,6300,D,01,D
20222,04841304,33,0,1,100,D,1,D,05,D,400,D,,A,,A,2,D,,A,03,D
20222,04841304,34,0,1,110,D,1,D,05,D,400,D,,A,,A,2,D,,A,04,D
20222,04842884,20,0,1,100,D,2,D,03,D,,A,,A,,A,2,D,,A,02,D
20222,04842884,21,0,1,110,D,2,D,03,D,,A,,A,,A,2,D,,A,03,D
20222,04844424,31,0,1,100,D,1,D,04,D,2000,D,,A,,A,2,D,,A,01,D
20222,04844674,21,0,1,110,D,3,D,04,D,,A,,A,,A,2,D,,A,02,D
20222,04844724,19,0,1,100,D,6,D,05,D,,A,,A,,A,2,D,,A,02,D
20222,04845144,27,0,1,110,D,2,D,04,D,,A,,A,,A,2,D,,A,02,D
20222,04847344,21,0,1,100,D,3,D,05,D,,A,,A,,A,2,D,,A,02,D
20222,04848164,11,0,1,100,D,4,D,04,D,,A,,A,,A,2,D,,A,01,D
20222,04848604,28,0,2,110,D,1,D,03,D,500,D,,A,,A,2,D,,A,03,D
20222,04848984,15,0,1,150,D,2,D,03,D,,A,,A,,A,2,D,,A,02,D
20222,04849064,38,0,2,100,D,2,D,03,D,,A,,A,,A,2,D,,A,02,D
20222,04849114,21,0,1,110,D,1,D,03,D,5000,D,,A,,A,2,D,,A,01,D
20222,04849114,22,0,1,110,D,2,D,04,D,,A,,A,,A,1,D,,A,03,D
20222,04849464,7,0,1,100,D,1,D,05,D,2000,D,,A,,A,2,D,,A,01,D
20222,04849474,22,0,1,110,D,1,D,05,D,6000,D,,A,,A,2,D,,A,04,D
20222,04849554,38,0,1,100,D,3,D,03,D,,A,,A,,A,2,D,,A,01,D
20222,04895523,19,0,1,100,D,1,D,03,D,17500,D,,A,,A,2,D,,A,03,D
20222,04895993,34,0,1,100,D,4,D,03,D,,A,13791,D,,A,2,D,,A,02,D
20222,04896593,22,0,1,100,D,4,D,01,D,,A,5100,D,,A,2,D,,A,01,D
20222,04896883,21,0,1,100,D,4,D,03,D,,A,4200,D,,A,2,D,,A,03,D
20222,04897743,25,0,1,110,D,1,D,01,D,5000,D,,A,,A,2,D,,A,03,D
20222,04900393,21,0,1,100,D,4,D,01,D,,A,,A,,A,2,D,,A,02,D
20222,04900453,19,0,1,100,D,6,D,02,D,,A,,A,,A,2,D,,A,01,D
20222,04900453,20,0,1,110,D,2,D,02,D,,A,,A,,A,2,D,,A,02,D
20222,04903243,28,0,1,110,D,2,D,02,D,,A,,A,,A,2,D,,A,01,D
20222,04903683,18,0,1,110,D,2,D,01,D,,A,,A,,A,2,D,,A,01,D
20222,04903873,10,0,1,110,D,4,D,01,D,,A,,A,,A,2,D,,A,01,D
20222,04904303,24,0,1,100,D,2,D,03,D,,A,,A,,A,2,D,,A,02,D
20222,04905123,18,0,1,110,D,2,D,01,D,,A,,A,,A,1,D,,A,01,D
20222,04905203,26,0,1,100,D,2,D,03,D,,A,,A,,A,2,D,,A,01,D
20222,04905263,28,0,1,100,D,1,D,02,D,6000,D,,A,,A,2,D,,A,01,D
20222,04905523,17,0,1,110,D,2,D,01,D,,A,,A,,A,2,D,,A,03,D
20222,04906103,32,0,1,110,D,4,D,02,D,,A,7000,D,,A,1,D,,A,01,D
20222,04907153,14,0,1,100,D,1,D,03,D,1100,D,,A,,A,2,D,,A,01,D
20222,04908393,34,0,1,100,D,2,D,03,D,,A,,A,,A,2,D,,A,03,D
20222,04908634,10,0,1,100,D,3,D,04,D,,A,,A,,A,2,D,,A,01,D
20222,04910983,13,0,1,110,D,2,D,04,D,,A,,A,,A,2,D,,A,01,D
20222,04910983,14,0,1,100,D,2,D,04,D,,A,,A,,A,2,D,,A,02,D
20222,04911043,10,0,1,100,D,4,D,04,D,,A,,A,,A,2,D,,A,02,D
20222,04911053,27,0,2,110,D,2,D,02,D,,A,,A,,A,2,D,,A,01,D
20222,04911423,39,0,1,100,D,1,D,04,D,1500,D,,A,,A,2,D,,A,04,D
20222,04912353,23,0,1,110,D,6,D,02,D,,A,,A,,A,2,D,,A,02,D
20222,04912523,39,0,1,110,D,2,D,02,D,,A,,A,,A,2,D,,A,01,D
20222,04912783,27,0,1,100,D,1,D,04,D,500,D,,A,,A,2,D,,A,03,D
20222,04914123,9,0,1,100,D,4,D,04,D,,A,,A,,A,2,D,,A,01,D
20222,04914403,41,0,2,110,D,2,D,02,D,,A,,A,,A,2,D,,A,01,D
20222,04915133,28,0,1,100,D,1,D,03,D,7500,D,,A,,A,2,D,,A,03,D
20222,04915773,16,0,1,110,D,2,D,04,D,,A,,A,,A,1,D,,A,01,D
20222,04916543,17,0,2,110,D,1,D,02,D,4000,D,,A,,A,2,D,,A,03,D
20222,04919123,18,0,1,150,D,3,D,04,D,,A,,A,,A,2,D,,A,02,D
20222,04919423,28,0,1,110,D,3,D,04,D,,A,,A,,A,2,D,,A,02,D
20222,04920003,38,0,1,100,D,3,D,05,D,,A,,A,,A,2,D,,A,05,D
20222,04920013,16,0,1,100,D,6,D,03,D,,A,,A,,A,2,D,,A,01,D
20222,04921073,29,0,1,100,D,1,D,05,D,400,F,,A,,A,2,D,,A,04,D
20222,04921233,31,0,1,110,D,2,D,04,D,,A,,A,,A,1,D,,A,04,D
20222,04921643,69,0,2,110,D,2,D,03,D,,A,,A,,A,2,D,,A,01,D
20222,04922353,23,0,1,100,D,3,D,04,D,,A,,A,,A,2,D,,A,01,D
20222,04924383,34,0,1,110,D,1,D,04,D,800,D,,A,,A,2,D,,A,01,D
20222,04925393,21,0,1,100,D,2,D,03,D,,A,,A,,A,1,D,,A,01,D
20222,04926973,42,0,1,110,D,2,D,04,D,,A,,A,,A,2,D,,A,02,D
20222,04927163,17,0,1,100,D,6,D,04,D,,A,,A,,A,2,D,,A,01,D
20222,04927343,26,0,1,110,D,1,D,04,D,25000,D,,A,,A,2,D,,A,01,D
20222,04928423,20,0,1,110,D,1,D,05,D,18000,D,,A,,A,2,D,,A,01,D
20222,04928913,16,0,1,110,D,6,D,04,D,,A,,A,,A,2,D,,A,03,D
20222,04929173,15,0,1,110,D,4,D,04,D,,A,20000,D,,A,1,D,45000,D,02,D
20222,04929293,28,0,1,110,D,2,D,04,D,,A,,A,,A,2,D,,A,03,D
20222,04929743,18,0,1,100,D,6,D,05,D,,A,,A,,A,2,D,,A,02,D
20222,04930902,40,0,1,100,D,3,D,02,D,,A,,A,,A,2,D,,A,01,D
20222,04931342,21,0,1,100,D,4,D,03,D,,A,,A,,A,1,D,,A,01,D
20222,04933112,23,0,1,110,D,2,D,03,D,,A,,A,,A,2,D,,A,01,D
20222,04935042,20,0,1,110,D,6,D,03,D,,A,,A,,A,2,D,,A,01,D
20222,04935042,21,0,1,100,D,6,D,02,D,,A,,A,,A,2,D,,A,03,D
20222,04935592,31,0,1,200,D,6,D,01,D,,A,,A,,A,2,D,,A,03,D
20222,04936832,40,0,1,110,D,4,D,01,D,,A,7000,D,,A,2,D,,A,01,D
20222,04936832,41,0,1,110,D,4,D,01,D,,A,7000,D,,A,2,D,,A,03,D
20222,04937972,31,0,1,150,D,1,D,01,D,1500,D,,A,,A,2,D,,A,04,D
20222,04939102,21,0,1,100,D,1,D,03,D,13000,D,,A,,A,2,D,,A,02,D
20222,04939622,18,0,1,100,D,1,D,03,D,3000,D,,A,,A,2,D,,A,01,D
20222,04939842,69,0,1,135,D,1,D,03,D,38000,D,,A,,A,1,D,19000,D,01,D
20222,04939842,70,0,1,160,D,3,D,01,D,,A,,A,,A,1,D,12000,D,04,D
20222,04941012,30,0,1,100,D,3,D,02,D,,A,,A,,A,2,D,,A,02,D
20222,04941692,29,0,1,100,D,6,D,01,D,,A,,A,,A,1,D,,A,01,D
20222,04941972,26,0,1,100,D,3,D,01,D,,A,,A,,A,2,D,,A,03,D
20222,04942312,49,0,1,110,D,1,D,03,D,10000,D,,A,,A,2,D,,A,03,D
20222,04942582,29,0,1,100,D,6,D,02,D,,A,,A,,A,2,D,,A,01,D
20222,04942782,14,0,1,100,D,6,D,02,D,,A,,A,,A,2,D,,A,01,D
20222,04943672,16,0,1,110,D,6,D,03,D,,A,,A,,A,2,D,,A,02,D
20222,04944212,42,0,1,110,D,3,D,02,D,,A,,A,,A,2,D,,A,01,D
20222,04944212,43,0,1,150,D,3,D,02,D,,A,,A,,A,2,D,,A,07,D
20222,04945412,32,0,1,110,D,1,D,02,D,1,D,,A,,A,2,D,,A,05,D
20222,04945862,38,0,1,110,D,6,D,02,D,,A,,A,,A,2,D,,A,01,D
20222,04945862,39,0,1,110,D,6,D,02,D,,A,,A,,A,2,D,,A,02,D
20222,04945862,40,0,1,100,D,6,D,02,D,,A,,A,,A,2,D,,A,03,D
20222,04945862,41,0,1,160,D,6,D,02,D,,A,,A,,A,2,D,,A,04,D
20222,04947122,25,0,1,100,D,4,D,04,D,,A,,A,,A,2,D,,A,03,D
20222,04947792,15,0,1,100,D,6,D,02,D,,A,,A,,A,1,D,,A,02,D
20222,04948522,25,0,1,110,D,6,D,03,D,,A,,A,,A,2,D,,A,02,D
20222,04949272,19,0,1,110,D,1,D,03,D,11500,D,,A,,A,2,D,,A,02,D
20222,04950232,54,0,1,200,D,2,D,03,D,,A,,A,,A,2,D,,A,04,D
20222,04950922,25,0,1,100,D,4,D,02,D,,A,6300,D,,A,2,D,,A,02,D
20222,04951572,17,0,1,100,D,3,D,02,D,,A,,A,,A,2,D,,A,01,D
20222,04951622,17,0,1,100,D,3,D,04,D,,A,,A,,A,2,D,,A,01,D
20222,04951672,8,0,1,100,D,1,D,02,D,1500,D,,A,,A,2,D,,A,02,D
20222,04952512,19,0,1,100,D,2,D,03,D,,A,,A,,A,1,D,,A,02,D
20222,04953812,27,0,1,110,D,4,D,04,D,,A,,A,13000,D,2,D,,A,01,D
20222,04953812,28,0,1,100,D,4,D,04,D,,A,,A,13000,D,2,D,,A,02,D
20222,04954232,33,0,1,100,D,6,D,04,D,,A,,A,,A,2,D,,A,02,D
20222,04955842,11,0,1,100,D,2,D,05,D,,A,,A,,A,1,D,,A,01,D
20222,04956332,13,0,1,100,D,6,D,05,D,,A,,A,,A,2,D,,A,01,D
20222,04956482,31,0,1,150,D,1,D,05,D,4000,D,,A,,A,2,D,,A,05,D
20222,04956632,27,0,1,110,D,1,D,05,D,25000,D,,A,,A,2,D,,A,01,D
20222,04959112,46,0,1,200,D,1,D,04,D,2000,D,,A,,A,2,D,,A,04,D
20222,04962642,40,0,1,110,D,6,D,04,D,,A,,A,,A,2,D,,A,01,D
20222,04963092,14,0,1,100,D,4,D,04,D,,A,,A,,A,2,D,,A,03,D
20222,04964032,25,0,1,100,D,4,D,04,D,,A,9500,D,,A,2,D,,A,01,D
20222,05012511,12,0,1,110,D,2,D,03,D,,A,,A,,A,2,D,,A,02,D
20222,05012661,39,0,1,110,D,1,D,02,D,2022,D,,A,,A,2,D,,A,06,D
20222,05013311,12,0,1,100,D,1,D,03,D,1000,D,,A,,A,2,D,,A,02,D
20222,05016771,17,0,1,200,D,,C,02,D,,A,,A,,A,2,D,,A,03,D
20222,05016931,18,0,1,100,D,3,D,01,D,,A,,A,,A,2,D,,A,01,D
20222,05018401,12,0,1,110,D,4,D,01,D,,A,,A,,A,2,D,,A,02,D
20222,05019021,26,0,1,100,D,4,D,02,D,,A,6000,D,,A,2,D,,A,03,D
20222,05019831,14,0,1,110,D,1,D,03,D,800,D,,A,,A,2,D,,A,02,D
20222,05020441,21,0,1,100,D,1,D,03,D,1500,D,,A,,A,2,D,,A,04,D
20222,05021751,39,0,1,100,D,3,D,03,D,,A,,A,,A,2,D,,A,04,D
20222,05023051,17,0,1,100,D,1,D,04,D,4500,D,,A,,A,2,D,,A,04,D
20222,05027211,20,0,1,100,D,2,D,04,D,,A,,A,,A,2,D,,A,03,D
20222,05027381,13,0,1,200,D,3,D,02,D,,A,,A,,A,2,D,,A,03,D
20222,05029841,47,0,1,110,D,1,D,03,D,400,D,,A,,A,2,D,,A,04,D
20222,05030591,12,0,1,100,D,2,D,02,D,,A,,A,,A,1,D,7000,D,01,D
20222,05032951,14,0,1,100,D,1,D,03,D,3000,D,,A,,A,2,D,,A,02,D
20222,05035131,30,0,1,110,D,1,D,05,D,700,D,,A,,A,2,D,,A,04,D
20222,05035564,24,0,1,180,D,1,D,05,D,11400,D,,A,,A,1,D,,A,03,D
20222,05042791,26,0,1,100,D,2,D,03,D,,A,,A,,A,2,D,,A,03,D
20222,05043161,35,0,1,110,D,1,D,03,D,2500,D,,A,,A,2,D,,A,08,D
20222,05043381,27,0,1,100,D,3,D,03,D,,A,,A,,A,2,D,,A,03,D
20222,05043991,20,0,1,110,D,1,D,03,D,2500,D,,A,,A,2,D,,A,04,D
20223,04897304,24,0,1,110,D,4,D,05,D,,A,,A,,A,2,D,,A,02,D
20223,04898044,37,0,1,100,D,1,D,06,D,2000,D,,A,,A,2,D,,A,02,D
20223,04898334,17,0,1,100,D,1,D,05,D,1000,D,,A,,A,2,D,,A,01,D
20223,04898584,31,0,1,100,D,6,D,05,D,,A,,A,,A,2,D,,A,02,D
20223,04899034,41,0,1,110,D,1,D,06,D,4300,D,,A,,A,2,D,,A,03,D
20223,04899034,42,0,1,180,D,1,D,06,D,13000,D,,A,,A,2,D,,A,05,D
20223,04899044,16,0,1,100,D,4,D,06,D,,A,5000,D,,A,2,D,,A,01,D
20223,04899124,49,0,1,160,D,1,D,04,D,13733,T,,A,,A,1,D,37000,D,01,D
20223,04899124,50,0,1,180,D,1,D,04,D,4000,D,,A,,A,2,D,,A,02,D
20223,04899614,31,0,1,110,D,2,D,06,D,,A,,A,,A,1,D,,A,02,D
20223,04899804,13,0,1,100,D,4,D,05,D,,A,10500,D,,A,2,D,,A,01,D
20223,04900754,36,0,1,110,D,1,D,05,D,750,D,,A,,A,2,D,,A,03,D
20223,04902004,31,0,1,100,D,2,D,06,D,,A,,A,,A,2,D,,A,01,D
20223,04902104,14,0,1,100,D,1,D,05,D,150,D,,A,,A,2,D,,A,01,D
20223,04902344,10,0,1,110,D,4,D,04,D,,A,150,D,,A,2,D,,A,01,D
20223,04905104,40,0,1,100,D,3,D,05,D,,A,,A,,A,2,D,,A,02,D
20223,04905614,25,0,1,110,D,2,D,04,D,,A,,A,,A,2,D,,A,01,D
20223,04905614,26,0,1,110,D,2,D,04,D,,A,,A,,A,2,D,,A,02,D
20223,04905944,13,0,1,100,D,2,D,06,D,,A,,A,,A,2,D,,A,01,D
20223,04905944,14,0,1,110,D,4,D,06,D,,A,,A,,A,2,D,,A,02,D
20223,04906064,17,0,1,100,D,1,D,04,D,2500,D,,A,,A,2,D,,A,01,D
20223,04907694,29,0,1,110,D,6,D,07,D,,A,,A,,A,2,D,,A,02,D
20223,04907924,61,0,1,110,D,1,D,06,D,21250,D,,A,,A,2,D,,A,01,D
20223,04907924,62,0,2,100,D,2,D,05,D,,A,,A,,A,2,D,,A,02,D
20223,04908394,29,0,1,100,D,1,D,06,D,250,D,,A,,A,2,D,,A,01,D
20223,04908514,32,0,1,110,D,4,D,06,D,,A,24724,D,,A,2,D,,A,02,D
20223,04908794,46,0,1,160,D,1,D,07,D,1000,D,,A,,A,2,D,,A,05,D
20223,04909084,41,0,1,110,D,3,D,07,D,,A,,A,,A,2,D,,A,01,D
20223,04909084,42,0,1,100,D,4,D,07,D,,A,,A,,A,2,D,,A,02,D
20223,04912384,24,0,1,110,D,2,D,06,D,,A,,A,,A,2,D,,A,01,D
20223,04912554,14,0,1,110,D,3,D,05,D,,A,,A,,A,2,D,,A,01,D
20223,04912674,30,0,1,110,D,3,D,05,D,,A,,A,,A,2,D,,A,01,D
20223,04913014,29,0,1,110,D,2,D,05,D,,A,,A,,A,2,D,,A,03,D
20223,04913124,32,0,1,110,D,6,D,05,D,,A,,A,,A,,C,,A,01,D
20223,04913124,33,0,1,100,D,6,D,06,D,,A,,A,,A,,C,,A,02,D
20223,04915024,37,0,1,110,D,2,D,07,D,,A,,A,,A,1,D,,A,02,D
20223,04915234,29,0,1,100,D,2,D,07,D,,A,,A,,A,,C,,A,02,D
20223,04915704,17,0,1,110,D,3,D,07,D,,A,,A,,A,2,D,,A,01,D
20223,04916424,33,0,1,110,D,3,D,05,D,,A,,A,,A,2,D,,A,01,D
20223,04916484,23,0,1,100,D,2,D,07,D,,A,,A,,A,2,D,,A,01,D
20223,04916654,25,0,2,110,D,1,D,05,D,550,F,,A,,A,2,D,,A,03,D
20223,04916974,34,0,1,110,D,2,D,07,D,,A,,A,,A,2,D,,A,02,D
20223,04917954,9,0,1,100,D,4,D,05,D,,A,,A,,A,2,D,,A,02,D
20223,04919154,39,0,1,200,D,3,D,06,D,,A,,A,,A,2,D,,A,04,D
20223,04919154,40,0,2,100,D,3,D,06,D,,A,,A,,A,2,D,,A,05,D
20223,04920464,56,0,1,110,D,1,D,07,D,500,D,,A,,A,2,D,,A,05,D
20223,04920844,16,0,1,110,D,1,D,06,D,1800,D,,A,,A,2,D,,A,02,D
20223,04921824,11,0,1,100,D,6,D,07,D,,A,,A,,A,1,D,,A,01,D
20223,04921864,31,0,1,110,D,4,D,07,D,,A,25500,D,,A,2,D,,A,03,D
20223,04922524,41,0,1,100,D,3,D,06,D,,A,,A,,A,2,D,,A,01,D
20223,04922704,32,0,1,100,D,6,D,08,D,,A,,A,,A,2,D,,A,01,D
20223,04924064,14,0,1,100,D,1,D,08,D,31000,D,,A,,A,2,D,,A,01,D
20223,04925654,25,0,1,100,D,3,D,08,D,,A,,A,,A,2,D,,A,01,D
20223,04925754,36,0,1,100,D,2,D,08,D,,A,,A,,A,1,D,13811,D,01,D
20223,04925964,39,0,1,110,D,1,D,08,D,550,D,,A,,A,2,D,,A,01,D
20223,04925994,43,0,1,110,D,6,D,08,D,,A,,A,,A,2,D,,A,03,D
20223,04926654,22,0,1,100,D,2,D,08,D,,A,,A,,A,1,D,21000,D,02,D
20223,04926914,28,0,1,110,D,5,D,06,D,,A,5800,D,,A,2,D,,A,01,D
20223,04928164,8,0,1,110,D,6,D,07,D,,A,,A,,A,1,D,,A,01,D
20223,04928204,14,0,1,100,D,1,D,07,D,3000,D,,A,,A,2,D,,A,01,D
20223,04928684,29,0,1,100,D,1,D,06,D,45000,D,,A,,A,2,D,,A,06,D
20223,04928854,42,0,1,100,D,6,D,06,D,,A,,A,,A,2,D,,A,01,D
20223,04930514,29,0,1,100,D,1,D,08,D,10250,D,,A,,A,2,D,,A,03,D
20223,04930514,30,0,1,100,D,1,D,08,D,10,D,,A,,A,2,D,,A,04,D
20223,04931563,45,0,1,100,D,3,D,04,D,,A,,A,,A,2,D,,A,02,D
20223,04931893,14,0,1,110,D,4,D,04,D,,A,,A,,A,2,D,,A,02,D
20223,04933623,15,0,1,100,D,6,D,04,D,,A,,A,,A,1,D,,A,01,D
20223,04934823,51,0,1,110,D,6,D,05,D,,A,,A,,A,2,D,,A,03,D
20223,04934823,52,0,1,150,D,6,D,05,D,,A,,A,,A,2,D,,A,04,D
20223,04934923,21,0,1,110,D,2,D,06,D,,A,,A,,A,2,D,,A,01,D
20223,04935043,32,0,1,100,D,3,D,04,D,,A,,A,,A,2,D,,A,02,D
20223,04935473,41,0,2,110,D,3,D,04,D,,A,,A,,A,2,D,,A,01,D
20223,04935523,29,0,1,100,D,1,D,06,D,900,D,,A,,A,2,D,,A,04,D
20223,04936753,29,0,1,100,D,2,D,05,D,,A,,A,,A,2,D,,A,02,D
20223,04936813,38,0,1,100,D,6,D,06,D,,A,,A,,A,,C,,A,05,D
20223,04937733,35,0,1,160,D,6,D,05,D,,A,,A,,A,2,D,,A,06,D
20223,04938153,29,0,1,100,D,1,D,06,D,6000,D,,A,,A,2,D,,A,02,D
20223,04938203,31,0,1,110,D,1,D,04,D,12000,D,,A,,A,2,D,,A,01,D
20223,04938213,23,0,1,100,D,2,D,04,D,,A,,A,,A,1,D,30000,F,02,D
20223,04938443,17,0,1,100,D,1,D,04,D,9000,D,,A,,A,1,D,7000,F,01,D
20223,04938863,17,0,1,100,D,3,D,04,D,,A,,A,,A,2,D,,A,02,D
20223,04939453,25,0,1,100,D,2,D,05,D,,A,,A,,A,1,D,7000,D,04,D
20223,04939843,49,0,1,150,D,1,D,05,D,3000,D,,A,,A,2,D,,A,05,D
20223,04940363,19,0,2,100,D,4,D,04,D,,A,,A,8105,D,2,D,,A,01,D
20223,04941383,38,0,1,200,D,1,D,04,D,4500,D,,A,,A,2,D,,A,07,D
20223,04944213,41,0,1,110,D,2,D,07,D,,A,,A,,A,2,D,,A,05,D
20223,04945323,11,0,1,100,D,3,D,06,D,,A,,A,,A,2,D,,A,02,D
20223,04945663,20,0,1,135,D,1,D,06,D,500,D,,A,,A,2,D,,A,03,D
20223,04945883,30,0,1,110,D,2,D,07,D,,A,,A,,A,2,D,,A,01,D
20223,04945903,17,0,2,110,D,6,D,05,D,,A,,A,,A,2,D,,A,02,D
20223,04947123,49,0,1,100,D,2,D,06,D,,A,,A,,A,2,D,,A,01,D
20223,04948313,35,0,1,200,D,1,D,05,D,13500,D,,A,,A,2,D,,A,03,D
20223,04948393,43,0,1,100,D,2,D,07,D,,A,,A,,A,2,D,,A,02,D
20223,04948523,22,0,1,100,D,6,D,06,D,,A,,A,,A,2,D,,A,03,D
20223,04948523,23,0,1,100,D,6,D,06,D,,A,,A,,A,2,D,,A,04,D
20223,04949263,12,0,1,100,D,1,D,05,D,30000,D,,A,,A,2,D,,A,01,D
20223,04949314,48,0,1,110,D,2,D,07,D,,A,,A,,A,1,D,8000,D,01,D
20223,04949553,32,0,1,100,D,3,D,07,D,,A,,A,,A,2,D,,A,02,D
20223,04950003,25,0,1,110,D,2,D,05,D,,A,,A,,A,1,D,,A,01,D
20223,04951753,31,0,1,110,D,1,D,06,D,22000,D,,A,,A,1,D,15000,D,02,D
20223,04952043,36,0,2,110,D,2,D,05,D,,A,,A,,A,2,D,,A,02,D
20223,04952103,19,0,1,110,D,4,D,06,D,,A,,A,,A,2,D,,A,01,D
20223,04952753,23,0,1,100,D,1,D,06,D,300,D,,A,,A,2,D,,A,03,D
20223,04952783,38,0,1,110,D,1,D,06,D,22500,D,,A,,A,2,D,,A,01,D
20223,04952843,21,0,1,110,D,6,D,05,D,,A,,A,,A,1,D,,A,01,D
20223,04953503,39,0,1,110,D,3,D,06,D,,A,,A,,A,2,D,,A,03,D
20223,04954493,47,0,2,100,D,2,D,06,D,,A,,A,,A,2,D,,A,01,D
20223,04956473,47,0,1,110,D,1,D,08,D,2500,D,,A,,A,2,D,,A,03,D
20223,04957653,33,0,1,100,D,2,D,06,D,,A,,A,,A,2,D,,A,01,D
20223,04958033,16,0,1,100,D,4,D,06,D,,A,12000,D,,A,1,D,1500,D,01,D
20223,04958483,31,0,1,100,D,1,D,08,D,35000,D,,A,,A,1,D,30000,D,02,D
20223,04958823,53,0,1,100,D,6,D,07,D,,A,,A,,A,2,D,,A,05,D
20223,04959273,34,0,1,100,D,4,D,07,D,,A,,A,,A,2,D,,A,01,D
20223,04960983,41,0,1,110,D,1,D,08,D,4900,D,,A,,A,2,D,,A,03,D
20223,04960993,19,0,2,100,D,6,D,06,D,,A,,A,,A,1,D,,A,02,D
20223,04961313,32,0,2,100,D,3,D,06,D,,A,,A,,A,2,D,,A,02,D
20223,04961323,60,0,1,110,D,6,D,07,D,,A,,A,,A,2,D,,A,01,D
20223,04962783,41,0,1,110,D,2,D,06,D,,A,,A,,A,2,D,,A,02,D
20223,04962843,20,0,1,100,D,1,D,07,D,1800,D,,A,,A,2,D,,A,02,D
20223,04963023,42,0,1,110,D,3,D,06,D,,A,,A,,A,2,D,,A,03,D
20223,04963373,44,0,1,100,D,6,D,06,D,,A,,A,,A,1,D,,A,02,D
20223,04964123,12,0,1,100,D,1,D,07,D,4500,D,,A,,A,2,D,,A,01,D
20223,05012362,40,0,1,100,D,6,D,06,D,,A,,A,,A,2,D,,A,03,D
20223,05012662,58,0,1,100,D,1,D,05,D,2600,D,,A,,A,2,D,,A,04,D
20223,05013742,15,0,1,100,D,6,D,05,D,,A,,A,,A,2,D,,A,02,D
20223,05013862,35,0,1,110,D,1,D,05,D,12000,D,,A,,A,2,D,,A,01,D
20223,05014822,23,0,1,110,D,2,D,06,D,,A,,A,,A,2,D,,A,01,D
20223,05015292,25,0,1,160,D,1,D,06,D,13733,T,,A,,A,2,D,,A,02,D
20223,05015622,28,0,1,110,D,1,D,06,D,1400,D,,A,,A,2,D,,A,01,D
20223,05015772,37,0,1,110,D,1,D,06,D,4000,D,,A,,A,2,D,,A,01,D
20223,05016072,25,0,1,100,D,2,D,06,D,,A,,A,,A,1,D,8300,D,02,D
20223,05016362,22,0,1,160,D,1,D,05,D,13733,T,,A,,A,2,D,,A,04,D
20223,05017782,27,0,1,150,D,,C,04,D,,A,,A,,A,,C,,A,04,D
20223,05018332,26,0,1,110,D,6,D,04,D,,A,,A,,A,2,D,,A,01,D
20223,05018332,27,0,1,100,D,3,D,05,D,,A,,A,,A,2,D,,A,02,D
20223,05018332,28,0,1,135,D,6,D,04,D,,A,,A,,A,2,D,,A,03,D
20223,05019302,22,0,1,110,D,1,D,04,D,1000,D,,A,,A,2,D,,A,04,D
20223,05019322,23,0,1,100,D,2,D,06,D,,A,,A,,A,2,D,,A,01,D
20223,05020692,16,0,1,110,D,1,D,05,D,4000,D,,A,,A,2,D,,A,01,D
20223,05020982,23,0,1,110,D,6,D,05,D,,A,,A,,A,2,D,,A,02,D
20223,05021102,40,0,1,110,D,2,D,06,D,,A,,A,,A,2,D,,A,01,D
20223,05021182,31,0,1,100,D,1,D,06,D,1000,D,,A,,A,2,D,,A,02,D
20223,05021272,24,0,1,110,D,1,D,06,D,5000,D,,A,,A,2,D,,A,01,D
20223,05022142,26,0,2,100,D,1,D,04,D,2500,D,,A,,A,2,D,,A,02,D
20223,05023042,261,0,1,110,D,2,D,06,D,,A,,A,,A,2,D,,A,01,D
20223,05024762,52,0,1,110,D,6,D,07,D,,A,,A,,A,2,D,,A,03,D
20223,05025602,36,0,1,110,D,1,D,07,D,22000,F,,A,,A,1,D,,A,03,D
20223,05026342,26,0,1,100,D,1,D,07,D,44000,D,,A,,A,2,D,,A,03,D
20223,05027192,20,0,1,100,D,6,D,05,D,,A,,A,,A,2,D,,A,02,D
20223,05027192,21,0,1,200,D,6,D,05,D,,A,,A,,A,2,D,,A,03,D
20223,05028762,37,0,1,110,D,6,D,07,D,,A,,A,,A,2,D,,A,03,D
20223,05028862,18,0,1,100,D,2,D,07,D,,A,,A,,A,2,D,,A,01,D
20223,05029842,55,0,1,100,D,2,D,06,D,,A,,A,,A,1,D,1500,F,02,D
20223,05030412,40,0,1,110,D,1,D,07,D,30000,D,,A,,A,2,D,,A,01,D
20223,05030752,40,0,1,100,D,3,D,06,D,,A,,A,,A,2,D,,A,01,D
20223,05030752,41,0,1,110,D,6,D,06,D,,A,,A,,A,2,D,,A,02,D
20223,05030973,36,0,1,110,D,1,D,05,D,29000,D,,A,,A,1,D,20045,D,03,D
20223,05033282,49,0,1,100,D,2,D,07,D,,A,,A,,A,2,D,,A,01,D
20223,05033772,23,0,1,100,D,4,D,05,D,,A,14800,D,,A,2,D,,A,01,D
20223,05034202,42,0,1,110,D,6,D,05,D,,A,,A,,A,2,D,,A,03,D
20223,05034512,49,0,1,110,D,6,D,06,D,,A,,A,,A,2,D,,A,02,D
20223,05034822,35,0,1,100,D,2,D,07,D,,A,,A,,A,1,D,,A,01,D
20223,05034822,36,0,1,110,D,2,D,07,D,,A,,A,,A,1,D,,A,02,D
20223,05035372,34,0,1,100,D,6,D,08,D,,A,,A,,A,1,D,,A,02,D
20223,05035372,35,0,1,100,D,1,D,07,D,2500,D,,A,,A,2,D,,A,03,D
20223,05035642,37,0,1,110,D,6,D,07,D,,A,,A,,A,2,D,,A,01,D
20223,05035792,28,0,1,110,D,1,D,06,D,3000,D,,A,,A,2,D,,A,02,D
20223,05036292,20,0,1,110,D,6,D,08,D,,A,,A,,A,2,D,,A,02,D
20223,05037423,18,0,1,100,D,6,D,06,D,,A,,A,,A,1,D,,A,03,D
20223,05041322,27,0,1,150,D,3,D,07,D,,A,,A,,A,2,D,,A,05,D
20223,05041582,52,0,1,110,D,2,D,07,D,,A,,A,,A,1,D,7000,D,03,D
20223,05041822,24,0,1,100,D,6,D,07,D,,A,,A,,A,2,D,,A,03,D
20223,05043842,8,0,1,110,D,1,D,08,D,23000,D,,A,,A,2,D,,A,01,D
20223,05044042,24,0,1,110,D,2,D,06,D,,A,,A,,A,2,D,,A,01,D
20223,05044292,20,0,1,100,D,2,D,08,D,,A,,A,,A,2,D,,A,01,D
20223,05094401,18,0,1,100,D,1,D,06,D,2500,D,,A,,A,2,D,,A,02,D
20223,05096771,23,0,1,100,D,3,D,05,D,,A,,A,,A,2,D,,A,06,D
20223,05097521,38,0,1,100,D,1,D,05,D,5000,D,,A,,A,2,D,,A,03,D
20223,05099041,23,0,1,110,D,1,D,06,D,12000,D,,A,,A,2,D,,A,02,D
20223,05101161,28,0,1,100,D,4,D,06,D,,A,4000,D,,A,2,D,,A,08,D
20223,05102171,32,0,1,110,D,2,D,06,D,,A,,A,,A,2,D,,A,04,D
20223,05102511,15,0,1,200,D,6,D,07,D,,A,,A,,A,,C,,A,03,D
20223,05102511,16,0,1,200,D,6,D,06,D,,A,,A,,A,,C,,A,04,D
20223,05104211,29,0,1,110,D,1,D,06,D,25000,D,,A,,A,2,D,,A,03,D
20223,05108452,24,0,1,100,D,1,D,06,D,3000,D,,A,,A,2,D,,A,03,D
20223,05109881,22,0,1,100,D,1,D,07,D,2500,D,,A,,A,2,D,,A,03,D
20223,05111071,31,0,1,100,D,1,D,07,D,19300,D,,A,,A,1,D,,A,05,D
20223,05115151,9,0,1,100,D,3,D,05,D,,A,,A,,A,2,D,,A,01,D
20223,05115611,14,0,1,110,D,6,D,06,D,,A,,A,,A,1,D,,A,01,D
20223,05117341,24,0,1,110,D,1,D,07,D,5000,F,,A,,A,2,D,,A,03,D
20223,05118151,26,0,1,100,D,1,D,05,D,1550,D,,A,,A,2,D,,A,03,D
20223,05118321,20,0,1,100,D,4,D,05,D,,A,15000,D,,A,2,D,,A,02,D
20223,05120271,31,0,1,135,D,1,D,06,D,14500,D,,A,,A,2,D,,A,05,D
20223,05120411,17,0,1,100,D,2,D,05,D,,A,,A,,A,2,D,,A,02,D
20223,05121291,19,0,1,110,D,1,D,05,D,1200,D,,A,,A,2,D,,A,02,D
20223,05121463,17,0,1,100,D,1,D,05,D,1000,D,,A,,A,2,D,,A,04,D
20223,05122903,22,0,1,110,D,1,D,05,D,20000,D,,A,,A,2,D,,A,02,D
20223,05122921,23,0,1,100,D,3,D,07,D,,A,,A,,A,2,D,,A,07,D
20223,05123191,26,0,1,100,D,1,D,05,D,1500,D,,A,,A,2,D,,A,02,D
20223,05123371,15,0,1,120,D,1,D,07,D,15000,D,,A,,A,2,D,,A,02,D
20223,05124351,9,0,1,100,D,2,D,05,D,,A,,A,,A,2,D,,A,02,D
20224,04931004,16,0,1,100,D,3,D,07,D,,A,,A,,A,2,D,,A,01,D
20224,04932014,17,0,1,100,D,1,D,07,D,3000,D,,A,,A,2,D,,A,01,D
20224,04932364,33,0,1,110,D,2,D,08,D,,A,,A,,A,2,D,,A,01,D
20224,04932854,40,0,1,100,D,1,D,08,D,2500,D,,A,,A,2,D,,A,05,D
20224,04933074,29,0,2,110,D,1,D,07,D,18850,D,,A,,A,2,D,,A,02,D
20224,04933284,33,0,1,100,D,1,D,09,D,6500,D,,A,,A,2,D,,A,01,D
20224,04933564,16,0,1,100,D,1,D,07,D,9000,D,,A,,A,2,D,,A,01,D
20224,04933804,35,0,1,100,D,2,D,09,D,,A,,A,,A,2,D,,A,01,D
20224,04934324,27,0,1,110,D,1,D,07,D,1600,D,,A,,A,2,D,,A,02,D
20224,04934544,37,0,2,100,D,2,D,07,D,,A,,A,,A,2,D,,A,03,D
20224,04934744,39,0,1,150,D,3,D,08,D,,A,,A,,A,2,D,,A,02,D
20224,04934744,40,0,1,150,D,3,D,08,D,,A,,A,,A,2,D,,A,03,D
20224,04934894,28,0,1,100,D,2,D,07,D,,A,,A,,A,2,D,,A,03,D
20224,04937234,25,0,1,110,D,1,D,07,D,15000,D,,A,,A,2,D,,A,02,D
20224,04937364,14,0,1,110,D,4,D,08,D,,A,,A,,A,2,D,,A,01,D
20224,04937364,15,0,1,110,D,1,D,07,D,4500,D,,A,,A,2,D,,A,02,D
20224,04938764,9,0,1,100,D,1,D,08,D,100,D,,A,,A,2,D,,A,01,D
20224,04938864,19,0,1,100,D,3,D,07,D,,A,,A,,A,2,D,,A,01,D
20224,04939504,26,0,1,110,D,3,D,08,D,,A,,A,,A,2,D,,A,01,D
20224,04939844,44,0,1,150,D,1,D,08,D,5000,D,,A,,A,2,D,,A,03,D
20224,04940994,22,0,2,110,D,2,D,07,D,,A,,A,,A,2,D,,A,01,D
20224,04941104,37,0,1,110,D,3,D,09,D,,A,,A,,A,2,D,,A,01,D
20224,04943554,27,0,2,100,D,6,D,08,D,,A,,A,,A,2,D,,A,02,D
20224,04944204,23,0,1,100,D,4,D,08,D,,A,15214,D,,A,2,D,,A,01,D
20224,04946764,11,0,1,100,D,3,D,09,D,,A,,A,,A,2,D,,A,03,D
20224,04947114,50,0,1,110,D,1,D,09,D,20000,D,,A,,A,2,D,,A,02,D
20224,04947114,51,0,1,135,D,1,D,09,D,32000,D,,A,,A,2,D,,A,04,D
20224,04947444,21,0,1,150,D,1,D,09,D,4000,D,,A,,A,2,D,,A,04,D
20224,04947654,30,0,1,200,D,1,D,08,D,2200,F,,A,,A,2,D,,A,03,D
20224,04947694,37,0,1,110,D,4,D,08,D,,A,8500,D,,A,2,D,,A,01,D
20224,04947694,38,0,1,100,D,2,D,10,D,,A,,A,,A,1,D,12000,D,02,D
20224,04948394,46,0,1,110,D,3,D,10,D,,A,,A,,A,2,D,,A,01,D
20224,04948594,30,0,1,110,D,6,D,10,D,,A,,A,,A,2,D,,A,01,D
20224,04948764,29,0,1,110,D,1,D,09,D,2000,F,,A,,A,2,D,,A,02,D
20224,04949934,34,0,2,110,D,2,D,08,D,,A,,A,,A,2,D,,A,02,D
20224,04950234,46,0,1,110,D,3,D,10,D,,A,,A,,A,2,D,,A,01,D
20224,04950334,23,0,2,100,D,4,D,08,D,,A,25043,D,,A,2,D,,A,02,D
20224,04950554,18,0,1,110,D,4,D,08,D,,A,12000,D,,A,2,D,,A,01,D
20224,04950884,27,0,1,110,D,3,D,10,D,,A,,A,,A,2,D,,A,02,D
20224,04952914,25,0,1,100,D,2,D,09,D,,A,,A,,A,2,D,,A,01,D
20224,04953384,27,0,1,110,D,6,D,08,D,,A,,A,,A,,C,,A,02,D
20224,04953524,66,0,1,180,D,1,D,08,D,400,D,,A,,A,2,D,,A,09,D
20224,04954784,19,0,1,110,D,2,D,09,D,,A,,A,,A,2,D,,A,01,D
20224,04954874,52,0,1,100,D,1,D,09,D,5000,D,,A,,A,2,D,,A,02,D
20224,04955094,25,0,1,100,D,3,D,11,D,,A,,A,,A,2,D,,A,01,D
20224,04957404,29,0,1,100,D,4,D,11,D,,A,6000,D,,A,1,D,5000,D,02,D
20224,04958324,33,0,1,100,D,6,D,10,D,,A,,A,,A,2,D,,A,02,D
20224,04958324,34,0,1,100,D,6,D,10,D,,A,,A,,A,2,D,,A,03,D
20224,04958324,35,0,1,100,D,6,D,10,D,,A,,A,,A,2,D,,A,04,D
20224,04958474,44,0,1,100,D,2,D,11,D,,A,,A,,A,2,D,,A,01,D
20224,04958694,16,0,1,110,D,2,D,10,D,,A,,A,,A,1,D,2000,D,01,D
20224,04958974,40,0,1,110,D,6,D,11,D,,A,,A,,A,2,D,,A,03,D
20224,04961274,10,0,1,110,D,5,D,09,D,,A,,A,,A,2,D,,A,01,D
20224,04961444,59,0,1,100,D,2,D,11,D,,A,,A,,A,1,D,,A,01,D
20224,04962154,44,0,1,100,D,1,D,10,D,5150,D,,A,,A,2,D,,A,02,D
20224,04963454,29,0,1,110,D,3,D,11,D,,A,,A,,A,1,D,,A,01,D
20224,04963454,30,0,1,100,D,3,D,10,D,,A,,A,,A,2,D,,A,02,D
20224,04964004,26,0,1,110,D,2,D,09,D,,A,,A,,A,2,D,,A,02,D
20224,05012653,36,0,1,110,D,2,D,08,D,,A,,A,,A,1,D,1800,D,02,D
20224,05012653,37,0,1,150,D,1,D,09,D,5000,D,,A,,A,2,D,,A,03,D
20224,05014033,19,0,1,110,D,2,D,08,D,,A,,A,,A,2,D,,A,01,D
20224,05016603,73,0,1,180,D,6,D,08,D,,A,,A,,A,,C,,A,08,D
20224,05016863,19,0,1,110,D,6,D,09,D,,A,,A,,A,2,D,,A,02,D
20224,05018503,34,0,1,110,D,1,D,07,D,3400,D,,A,,A,2,D,,A,03,D
20224,05018703,36,0,1,100,D,6,D,07,D,,A,,A,,A,2,D,,A,01,D
20224,05019543,44,0,1,110,D,1,D,07,D,2000,D,,A,,A,2,D,,A,02,D
20224,05021623,38,0,1,110,D,1,D,07,D,6000,D,,A,,A,2,D,,A,02,D
20224,05021693,27,0,1,110,D,3,D,07,D,,A,,A,,A,2,D,,A,02,D
20224,05022533,19,0,1,110,D,2,D,09,D,,A,,A,,A,2,D,,A,01,D
20224,05022583,30,0,1,120,D,1,D,08,D,6000,F,,A,,A,2,D,,A,04,D
20224,05023043,23,0,2,110,D,2,D,08,D,,A,,A,,A,2,D,,A,01,D
20224,05023103,12,0,1,110,D,4,D,08,D,,A,,A,,A,1,D,,A,01,D
20224,05023543,18,0,2,110,D,4,D,08,D,,A,6000,D,,A,2,D,,A,01,D
20224,05024633,23,0,1,110,D,3,D,09,D,,A,,A,,A,2,D,,A,01,D
20224,05024763,45,0,1,110,D,2,D,10,D,,A,,A,,A,2,D,,A,02,D
20224,05026113,44,0,2,110,D,1,D,08,D,17500,D,,A,,A,2,D,,A,01,D
20224,05026593,31,0,1,110,D,1,D,09,D,7000,F,,A,,A,2,D,,A,01,D
20224,05026593,32,0,1,100,D,1,D,09,D,9000,F,,A,,A,2,D,,A,02,D
20224,05026773,59,0,1,110,D,2,D,08,D,,A,,A,,A,2,D,,A,01,D
20224,05027473,34,0,1,100,D,6,D,10,D,,A,,A,,A,1,D,,A,01,D
20224,05027753,27,0,2,110,D,1,D,08,D,17000,D,,A,,A,1,D,,A,02,D
20224,05029053,19,0,1,110,D,6,D,08,D,,A,,A,,A,2,D,,A,01,D
20224,05029083,44,0,1,110,D,2,D,10,D,,A,,A,,A,2,D,,A,01,D
20224,05029763,24,0,1,110,D,4,D,10,D,,A,9600,D,,A,2,D,,A,01,D
20224,05029843,62,0,1,110,D,1,D,10,D,2600,D,,A,,A,2,D,,A,03,D
20224,05030693,21,0,1,135,D,6,D,09,D,,A,,A,,A,1,D,,A,03,D
20224,05030823,37,0,1,150,D,1,D,10,D,13500,D,,A,,A,2,D,,A,05,D
20224,05030823,38,0,1,150,D,1,D,10,D,24000,D,,A,,A,2,D,,A,07,D
20224,05031343,47,0,1,170,D,1,D,10,D,200,D,,A,,A,2,D,,A,12,D
20224,05032733,27,0,1,110,D,2,D,10,D,,A,,A,,A,2,D,,A,01,D
20224,05032733,28,0,2,100,D,6,D,08,D,,A,,A,,A,2,D,,A,02,D
20224,05032733,29,0,2,110,D,6,D,08,D,,A,,A,,A,2,D,,A,03,D
20224,05033103,22,0,1,100,D,1,D,09,D,12000,D,,A,,A,1,D,6000,D,02,D
20224,05033533,21,0,1,100,D,2,D,08,D,,A,,A,,A,2,D,,A,02,D
20224,05033533,23,0,1,100,D,4,D,08,D,,A,,A,,A,2,D,,A,04,D
20224,05033773,25,0,1,100,D,4,D,10,D,,A,14000,D,,A,2,D,,A,02,D
20224,05033783,26,0,1,110,D,1,D,10,D,7000,D,,A,,A,2,D,,A,03,D
20224,05034593,9,0,1,110,D,1,D,10,D,276,D,,A,,A,2,D,,A,01,D
20224,05034633,30,0,1,110,D,6,D,09,D,,A,,A,,A,2,D,,A,03,D
20224,05034633,31,0,1,100,D,6,D,09,D,,A,,A,,A,2,D,,A,04,D
20224,05034733,11,0,1,100,D,6,D,09,D,,A,,A,,A,2,D,,A,01,D
20224,05035473,38,0,1,110,D,1,D,10,D,18000,D,,A,,A,2,D,,A,02,D
20224,05036203,28,0,1,110,D,3,D,09,D,,A,,A,,A,2,D,,A,01,D
20224,05036203,29,0,2,110,D,1,D,09,D,10000,D,,A,,A,2,D,,A,02,D
20224,05037173,41,0,1,110,D,4,D,09,D,,A,49000,D,,A,2,D,,A,03,D
20224,05037273,24,0,1,100,D,4,D,11,D,,A,,A,,A,2,D,,A,01,D
20224,05037663,53,0,1,100,D,1,D,11,D,5500,D,,A,,A,2,D,,A,01,D
20224,05038303,18,0,1,100,D,6,D,11,D,,A,,A,,A,2,D,,A,01,D
20224,05041213,20,0,1,100,D,4,D,10,D,,A,13000,D,,A,2,D,,A,02,D
20224,05042973,33,0,1,100,D,1,D,11,D,32000,D,,A,,A,2,D,,A,01,D
20224,05043163,52,0,1,110,D,2,D,10,D,,A,,A,,A,2,D,,A,03,D
20224,05043163,53,0,1,150,D,1,D,09,D,3000,D,,A,,A,2,D,,A,04,D
20224,05043163,54,0,1,110,D,2,D,10,D,,A,,A,,A,2,D,,A,09,D
20224,05043353,37,0,1,110,D,2,D,09,D,,A,,A,,A,1,D,,A,02,D
20224,05045053,11,0,1,110,D,3,D,09,D,,A,,A,,A,2,D,,A,01,D
20224,05091842,31,0,1,110,D,4,D,09,D,,A,,A,8000,D,2,D,,A,01,D
20224,05092452,20,0,1,120,D,1,D,08,D,6000,D,,A,,A,2,D,,A,02,D
20224,05093352,24,0,1,100,D,6,D,07,D,,A,,A,,A,2,D,,A,02,D
20224,05093412,26,0,1,110,D,1,D,08,D,20000,D,,A,,A,2,D,,A,01,D
20224,05095222,28,0,1,100,D,3,D,08,D,,A,,A,,A,2,D,,A,01,D
20224,05095742,43,0,1,110,D,2,D,09,D,,A,,A,,A,1,D,27000,D,01,D
20224,05096602,22,0,1,100,D,1,D,08,D,10000,D,,A,,A,2,D,,A,02,D
20224,05098012,17,0,1,110,D,1,D,08,D,6500,D,,A,,A,2,D,,A,02,D
20224,05098522,39,0,1,100,D,3,D,09,D,,A,,A,,A,2,D,,A,02,D
20224,05098712,38,0,1,200,D,1,D,07,D,2200,D,,A,,A,2,D,,A,04,D
20224,05100582,22,0,1,110,D,3,D,08,D,,A,,A,,A,2,D,,A,01,D
20224,05100822,43,0,1,100,D,6,D,07,D,,A,,A,,A,2,D,,A,03,D
20224,05102362,27,0,1,110,D,4,D,11,D,,A,7800,D,,A,2,D,,A,02,D
20224,05102692,67,0,1,200,D,3,D,11,D,,A,,A,,A,2,D,,A,08,D
20224,05103032,22,0,1,100,D,4,D,09,D,,A,6103,D,,A,2,D,,A,01,D
20224,05104542,34,0,1,100,D,4,D,09,D,,A,6000,D,,A,1,D,600,D,02,D
20224,05104982,23,0,2,110,D,1,D,09,D,2000,D,,A,,A,2,D,,A,02,D
20224,05105662,12,0,2,110,D,1,D,09,D,500,D,,A,,A,2,D,,A,02,D
20224,05106202,30,0,1,100,D,6,D,10,D,,A,,A,,A,2,D,,A,02,D
20224,05106202,31,0,1,150,D,6,D,10,D,,A,,A,,A,2,D,,A,03,D
20224,05108732,13,0,1,110,D,4,D,09,D,,A,25000,D,,A,2,D,,A,01,D
20224,05109862,16,0,1,100,D,1,D,10,D,12110,D,,A,,A,2,D,,A,02,D
20224,05111092,23,0,2,100,D,1,D,09,D,2022,D,,A,,A,2,D,,A,03,D
20224,05111892,56,0,1,180,D,1,D,10,D,500,D,,A,,A,2,D,,A,11,D
20224,05111892,57,0,1,150,D,1,D,10,D,24000,F,,A,,A,2,D,,A,12,D
20224,05113512,18,0,1,100,D,1,D,11,D,13700,F,,A,,A,2,D,,A,01,D
20224,05113662,42,0,1,110,D,5,D,11,D,,A,,A,15000,D,2,D,,A,01,D
20224,05113662,43,0,1,135,D,1,D,11,D,10000,D,,A,,A,2,D,,A,03,D
20224,05114162,37,0,1,180,D,3,D,08,D,,A,,A,,A,2,D,,A,07,D
20224,05114252,37,0,1,110,D,2,D,09,D,,A,,A,,A,1,D,,A,01,D
20224,05115292,21,0,2,100,D,4,D,08,D,,A,,A,35000,F,1,D,,A,02,D
20224,05115842,42,0,1,150,D,1,D,10,D,1500,D,,A,,A,2,D,,A,05,D
20224,05116042,17,0,1,110,D,6,D,08,D,,A,,A,,A,2,D,,A,01,D
20224,05116062,24,0,1,110,D,6,D,09,D,,A,,A,,A,2,D,,A,01,D
20224,05116062,25,0,1,110,D,2,D,10,D,,A,,A,,A,2,D,,A,03,D
20224,05116942,42,0,1,100,D,3,D,10,D,,A,,A,,A,2,D,,A,01,D
20224,05116972,28,0,1,110,D,2,D,10,D,,A,,A,,A,1,D,,A,02,D
20224,05117332,14,0,1,100,D,2,D,08,D,,A,,A,,A,2,D,,A,01,D
20224,05117412,18,0,1,100,D,6,D,08,D,,A,,A,,A,2,D,,A,03,D
20224,05117442,37,0,1,100,D,2,D,10,D,,A,,A,,A,2,D,,A,03,D
20224,05117522,27,0,1,100,D,1,D,10,D,27000,D,,A,,A,1,D,12000,D,01,D
20224,05117542,14,0,1,100,D,1,D,08,D,3500,D,,A,,A,2,D,,A,01,D
20224,05117692,4,0,1,160,D,4,D,08,D,,A,,A,,A,2,D,,A,01,D
20224,05118312,12,0,1,110,D,3,D,09,D,,A,,A,,A,2,D,,A,02,D
20224,05119002,19,0,1,100,D,1,D,08,D,400,D,,A,,A,2,D,,A,01,D
20224,05121464,43,0,1,100,D,1,D,09,D,500,D,,A,,A,2,D,,A,02,D
20224,05122652,26,0,1,100,D,2,D,08,D,,A,,A,,A,2,D,,A,02,D
20224,05123472,21,0,1,180,D,1,D,08,D,2000,D,,A,,A,2,D,,A,03,D
20224,05124022,67,0,1,110,D,1,D,10,D,12000,D,,A,,A,2,D,,A,03,D
20224,05124032,46,0,1,110,D,4,D,09,D,,A,,A,22000,D,2,D,,A,03,D
20224,05125192,4,0,1,150,D,3,D,08,D,,A,,A,,A,2,D,,A,01,D
20224,05201381,36,0,1,100,D,1,D,07,D,1000,D,,A,,A,2,D,,A,03,D
20224,05201961,15,0,1,110,D,2,D,08,D,,A,,A,,A,2,D,,A,02,D
20224,05201961,16,0,1,110,D,1,D,08,D,2500,D,,A,,A,2,D,,A,03,D
20224,05202301,34,0,1,110,D,4,D,07,D,,A,3200,D,,A,2,D,,A,07,D
20224,05203711,11,0,1,100,D,2,D,08,D,,A,,A,,A,2,D,,A,02,D
20224,05205251,20,0,1,100,D,1,D,07,D,500,D,,A,,A,2,D,,A,03,D
20224,05205341,24,0,1,110,D,1,D,08,D,1000,D,,A,,A,2,D,,A,04,D
20224,05205691,5,0,1,100,D,1,D,07,D,17000,D,,A,,A,2,D,,A,01,D
20224,05205971,24,0,1,150,D,1,D,09,D,16000,D,,A,,A,2,D,,A,03,D
20224,05207231,25,0,1,100,D,1,D,09,D,13700,D,,A,,A,2,D,,A,03,D
20224,05209491,31,0,1,200,D,6,D,08,D,,A,,A,,A,2,D,,A,02,D
20224,05209681,14,0,1,110,D,4,D,09,D,,A,10400,D,,A,1,D,,A,02,D
20224,05212461,27,0,1,110,D,4,D,08,D,,A,,A,,A,2,D,,A,03,D
20224,05213261,18,0,1,110,D,1,D,08,D,1000,D,,A,,A,2,D,,A,03,D
20224,05213601,29,0,1,200,D,1,D,08,D,4000,D,,A,,A,2,D,,A,04,D
20224,05221101,29,0,1,110,D,1,D,10,D,4500,D,,A,,A,1,D,1200,D,03,D
20224,05222911,10,0,1,100,D,1,D,10,D,2000,D,,A,,A,2,D,,A,02,D
20224,05225701,8,0,1,100,D,1,D,09,D,5000,D,,A,,A,2,D,,A,01,D
20224,05226011,16,0,1,110,D,4,D,09,D,,A,400,D,,A,2,D,,A,03,D
20224,05226581,14,0,1,100,D,4,D,11,D,,A,5000,D,,A,1,D,1400,D,01,D
20224,05229221,10,0,1,100,D,1,D,11,D,1000,D,,A,,A,2,D,,A,03,D
20224,05229241,25,0,1,110,D,1,D,09,D,1000,D,,A,,A,2,D,,A,02,D
20224,05232261,13,0,1,100,D,4,D,11,D,,A,,A,,A,2,D,,A,01,D
20231,05011334,28,0,2,110,D,2,D,10,D,,A,,A,,A,2,D,,A,01,D
20231,05012334,46,0,1,110,D,2,D,11,D,,A,,A,,A,2,D,,A,01,D
20231,05012664,50,0,1,110,D,2,D,10,D,,A,,A,,A,2,D,,A,01,D
20231,05012664,51,0,1,100,D,2,D,10,D,,A,,A,,A,1,D,9000,D,05,D
20231,05012904,22,0,1,100,D,4,D,10,D,,A,30000,D,,A,2,D,,A,01,D
20231,05013684,36,0,1,110,D,3,D,12,D,,A,,A,,A,2,D,,A,01,D
20231,05014364,32,0,1,100,D,6,D,10,D,,A,,A,,A,2,D,,A,02,D
20231,05014824,26,0,1,100,D,4,D,11,D,,A,12000,D,,A,1,D,10000,D,02,D
20231,05014824,27,0,1,110,D,1,D,12,D,30000,D,,A,,A,2,D,,A,03,D
20231,05015994,40,0,1,100,D,4,D,10,D,,A,6000,D,,A,2,D,,A,01,D
20231,05015994,41,0,1,110,D,4,D,11,D,,A,4000,D,,A,2,D,,A,02,D
20231,05016154,37,0,1,110,D,6,D,12,D,,A,,A,,A,2,D,,A,03,D
20231,05017224,28,0,2,110,D,4,D,10,D,,A,480,D,,A,2,D,,A,02,D
20231,05017354,21,0,1,110,D,2,D,10,D,,A,,A,,A,2,D,,A,01,D
20231,05019184,33,0,1,100,D,4,D,10,D,,A,21000,D,,A,2,D,,A,01,D
20231,05019244,37,0,1,100,D,3,D,10,D,,A,,A,,A,2,D,,A,01,D
20231,05019504,21,0,1,100,D,6,D,10,D,,A,,A,,A,2,D,,A,01,D
20231,05020284,14,0,1,100,D,2,D,10,D,,A,,A,,A,2,D,,A,01,D
20231,05020294,19,0,1,150,D,1,D,10,D,13000,D,,A,,A,2,D,,A,03,D
20231,05020904,40,0,1,100,D,2,D,11,D,,A,,A,,A,2,D,,A,01,D
20231,05022154,18,0,1,110,D,6,D,12,D,,A,,A,,A,2,D,,A,04,D
20231,05022874,61,0,1,100,D,4,D,11,D,,A,,A,3400,D,2,D,,A,01,D
20231,05023814,15,0,1,100,D,1,D,12,D,1000,D,,A,,A,2,D,,A,01,D
20231,05024304,26,0,1,110,D,1,D,11,D,49000,D,,A,,A,2,D,,A,01,D
20231,05025924,20,0,1,110,D,6,D,01,D,,A,,A,,A,2,D,,A,02,D
20231,05026144,28,0,1,100,D,1,D,12,D,300,D,,A,,A,2,D,,A,02,D
20231,05026144,29,0,1,100,D,1,D,01,D,1200,D,,A,,A,2,D,,A,03,D
20231,05027784,52,0,1,110,D,2,D,12,D,,A,,A,,A,1,D,8300,D,01,D
20231,05028534,23,0,1,110,D,4,D,11,D,,A,,A,,A,2,D,,A,03,D
20231,05028634,21,0,1,100,D,1,D,12,D,1100,D,,A,,A,2,D,,A,02,D
20231,05029174,22,0,1,110,D,3,D,12,D,,A,,A,,A,2,D,,A,02,D
20231,05030534,30,0,1,110,D,2,D,11,D,,A,,A,,A,1,D,,A,02,D
20231,05031314,10,0,1,110,D,4,D,12,D,,A,6000,D,,A,2,D,,A,01,D
20231,05031344,59,0,1,110,D,6,D,12,D,,A,,A,,A,1,D,,A,03,D
20231,05031344,60,0,1,170,D,1,D,11,D,200,D,,A,,A,2,D,,A,11,D
20231,05033274,12,0,2,110,D,3,D,11,D,,A,,A,,A,2,D,,A,02,D
20231,05033534,24,0,1,200,D,1,D,12,D,1500,D,,A,,A,2,D,,A,06,D
20231,05034534,21,0,1,110,D,6,D,01,D,,A,,A,,A,2,D,,A,02,D
20231,05034574,20,0,1,110,D,2,D,02,D,,A,,A,,A,1,D,2200,D,02,D
20231,05036194,17,0,1,100,D,6,D,01,D,,A,,A,,A,1,D,9000,F,01,D
20231,05036274,44,0,1,100,D,6,D,12,D,,A,,A,,A,2,D,,A,04,D
20231,05036564,21,0,1,100,D,1,D,01,D,1000,D,,A,,A,2,D,,A,01,D
20231,05037164,20,0,1,100,D,1,D,12,D,2000,D,,A,,A,2,D,,A,04,D
20231,05037604,21,0,1,110,D,2,D,12,D,,A,,A,,A,2,D,,A,01,D
20231,05037724,32,0,2,110,D,2,D,12,D,,A,,A,,A,1,D,25000,D,03,D
20231,05038604,18,0,1,100,D,6,D,02,D,,A,,A,,A,2,D,,A,01,D
20231,05038844,26,0,1,100,D,1,D,12,D,5000,D,,A,,A,2,D,,A,01,D
20231,05038934,27,0,2,110,D,1,D,12,D,3775,D,,A,,A,2,D,,A,01,D
20231,05038934,28,0,1,100,D,1,D,12,D,4500,D,,A,,A,2,D,,A,02,D
20231,05039974,36,0,1,110,D,2,D,02,D,,A,,A,,A,1,D,,A,01,D
20231,05039984,14,0,1,110,D,1,D,02,D,1000,D,,A,,A,2,D,,A,01,D
20231,05040604,50,0,1,100,D,1,D,12,D,1865,D,,A,,A,2,D,,A,01,D
20231,05041934,20,0,1,100,D,4,D,01,D,,A,,A,,A,2,D,,A,03,D
20231,05042464,13,0,1,110,D,2,D,02,D,,A,,A,,A,1,D,,A,01,D
20231,05043654,57,0,1,110,D,4,D,01,D,,A,13900,D,,A,2,D,,A,01,D
20231,05043894,22,0,1,100,D,4,D,12,D,,A,13000,D,,A,2,D,,A,01,D
20231,05092483,26,0,2,110,D,3,D,10,D,,A,,A,,A,2,D,,A,01,D
20231,05094223,14,0,1,100,D,6,D,10,D,,A,,A,,A,2,D,,A,01,D
20231,05095563,49,0,1,110,D,2,D,12,D,,A,,A,,A,2,D,,A,01,D
20231,05097163,17,0,1,100,D,4,D,12,D,,A,,A,3400,F,2,D,,A,03,D
20231,05097703,18,0,1,110,D,1,D,10,D,4000,D,,A,,A,2,D,,A,01,D
20231,05097733,26,0,1,100,D,2,D,10,D,,A,,A,,A,2,D,,A,02,D
20231,05098603,20,0,1,110,D,1,D,12,D,4000,D,,A,,A,2,D,,A,02,D
20231,05098633,30,0,1,110,D,1,D,12,D,1000,D,,A,,A,2,D,,A,04,D
20231,05098883,13,0,1,100,D,3,D,10,D,,A,,A,,A,2,D,,A,01,D
20231,05100073,12,0,1,100,D,6,D,10,D,,A,,A,,A,2,D,,A,01,D
20231,05101083,25,0,1,110,D,2,D,10,D,,A,,A,,A,2,D,,A,01,D
20231,05101593,8,0,1,110,D,1,D,11,D,300,D,,A,,A,2,D,,A,01,D
20231,05101833,44,0,1,110,D,6,D,10,D,,A,,A,,A,2,D,,A,04,D
20231,05102543,51,0,2,110,D,2,D,12,D,,A,,A,,A,2,D,,A,02,D
20231,05102623,30,0,1,100,D,1,D,01,D,5000,D,,A,,A,2,D,,A,01,D
20231,05103783,21,0,1,110,D,1,D,02,D,6000,D,,A,,A,1,D,2000,D,01,D
20231,05106033,35,0,1,100,D,1,D,02,D,2000,D,,A,,A,2,D,,A,02,D
20231,05107273,30,0,1,110,D,2,D,02,D,,A,,A,,A,1,D,,A,03,D
20231,05108003,30,0,1,110,D,1,D,01,D,10000,D,,A,,A,2,D,,A,01,D
20231,05108013,58,0,1,110,D,4,D,02,D,,A,8000,D,,A,2,D,,A,01,D
20231,05108703,16,0,1,100,D,4,D,12,D,,A,,A,9000,D,2,D,,A,01,D
20231,05109653,18,0,1,100,D,2,D,01,D,,A,,A,,A,1,D,9000,D,01,D
20231,05110713,13,0,1,110,D,2,D,01,D,,A,,A,,A,2,D,,A,01,D
20231,05111523,54,0,1,100,D,2,D,01,D,,A,,A,,A,1,D,5000,F,04,D
20231,05112243,25,0,2,100,D,2,D,12,D,,A,,A,,A,1,D,13900,D,01,D
20231,05112783,39,0,1,100,D,1,D,12,D,3000,D,,A,,A,2,D,,A,04,D
20231,05113003,20,0,1,100,D,4,D,01,D,,A,11190,D,,A,1,D,,A,01,D
20231,05113113,26,0,1,110,D,4,D,12,D,,A,22000,F,,A,,C,,A,01,D
20231,05113253,36,0,1,110,D,1,D,02,D,400,D,,A,,A,2,D,,A,02,D
20231,05113333,26,0,1,110,D,3,D,12,D,,A,,A,,A,2,D,,A,01,D
20231,05113513,18,0,1,100,D,1,D,02,D,600,D,,A,,A,2,D,,A,02,D
20231,05115103,18,0,1,150,D,1,D,11,D,300,D,,A,,A,2,D,,A,02,D
20231,05117193,17,0,1,100,D,6,D,01,D,,A,,A,,A,1,D,5000,D,02,D
20231,05117443,47,0,1,100,D,6,D,12,D,,A,,A,,A,2,D,,A,04,D
20231,05117553,15,0,1,110,D,6,D,11,D,,A,,A,,A,2,D,,A,02,D
20231,05117923,28,0,1,100,D,1,D,12,D,2200,D,,A,,A,2,D,,A,02,D
20231,05120983,23,0,1,110,D,2,D,11,D,,A,,A,,A,1,D,,A,01,D
20231,05121083,21,0,1,100,D,2,D,11,D,,A,,A,,A,2,D,,A,02,D
20231,05121143,32,0,1,100,D,6,D,11,D,,A,,A,,A,1,D,,A,04,D
20231,05121963,30,0,2,110,D,6,D,11,D,,A,,A,,A,2,D,,A,01,D
20231,05121963,31,0,1,100,D,3,D,01,D,,A,,A,,A,2,D,,A,02,D
20231,05121963,32,0,2,100,D,6,D,11,D,,A,,A,,A,2,D,,A,03,D
20231,05122773,32,0,1,100,D,1,D,01,D,100,D,,A,,A,2,D,,A,03,D
20231,05123293,54,0,2,160,D,1,D,11,D,,T,,A,,A,2,D,,A,06,D
20231,05123823,17,0,1,100,D,6,D,12,D,,A,,A,,A,2,D,,A,01,D
20231,05124033,51,0,1,110,D,4,D,12,D,,A,22000,D,,A,2,D,,A,04,D
20231,05124403,30,0,1,100,D,2,D,01,D,,A,,A,,A,2,D,,A,01,D
20231,05201992,24,0,1,100,D,2,D,12,D,,A,,A,,A,2,D,,A,02,D
20231,05202002,23,0,1,100,D,4,D,11,D,,A,23000,D,,A,2,D,,A,01,D
20231,05202742,23,0,1,100,D,1,D,10,D,1000,D,,A,,A,2,D,,A,01,D
20231,05203162,23,0,1,110,D,4,D,12,D,,A,6000,F,,A,2,D,,A,01,D
20231,05203812,42,0,1,110,D,1,D,10,D,4800,D,,A,,A,2,D,,A,02,D
20231,05203932,10,0,1,110,D,4,D,11,D,,A,5500,D,,A,2,D,,A,01,D
20231,05204392,15,0,1,100,D,1,D,11,D,1000,D,,A,,A,2,D,,A,02,D
20231,05204782,41,0,1,100,D,6,D,10,D,,A,,A,,A,2,D,,A,02,D
20231,05204792,32,0,1,135,D,6,D,10,D,,A,,A,,A,2,D,,A,03,D
20231,05205062,27,0,2,110,D,2,D,10,D,,A,,A,,A,1,D,,A,03,D
20231,05206732,18,0,1,100,D,1,D,10,D,183,D,,A,,A,2,D,,A,03,D
20231,05209012,9,0,1,100,D,6,D,11,D,,A,,A,,A,,C,,A,02,D
20231,05209782,21,0,1,110,D,6,D,10,D,,A,,A,,A,2,D,,A,02,D
20231,05210532,17,0,1,100,D,6,D,11,D,,A,,A,,A,2,D,,A,01,D
20231,05210732,11,0,1,100,D,1,D,12,D,300,F,,A,,A,,C,,A,01,D
20231,05211162,34,0,1,110,D,1,D,10,D,2500,D,,A,,A,2,D,,A,02,D
20231,05211624,41,0,1,100,D,6,D,11,D,,A,,A,,A,2,D,,A,01,D
20231,05213502,30,0,1,200,D,6,D,01,D,,A,,A,,A,2,D,,A,11,D
20231,05213652,22,0,1,110,D,1,D,12,D,2000,D,,A,,A,2,D,,A,01,D
20231,05213994,28,0,2,150,D,6,D,11,D,,A,,A,,A,2,D,,A,02,D
20231,05214794,31,0,2,100,D,1,D,11,D,3000,D,,A,,A,2,D,,A,02,D
20231,05215182,57,0,1,110,D,2,D,11,D,,A,,A,,A,2,D,,A,03,D
20231,05215612,29,0,1,100,D,6,D,12,D,,A,,A,,A,2,D,,A,03,D
20231,05215932,56,0,1,100,D,2,D,01,D,,A,,A,,A,2,D,,A,01,D
20231,05216992,46,0,1,100,D,6,D,01,D,,A,,A,,A,2,D,,A,06,D
20231,05217182,15,0,1,110,D,2,D,11,D,,A,,A,,A,2,D,,A,03,D
20231,05217912,10,0,1,110,D,1,D,12,D,400,F,,A,,A,2,D,,A,02,D
20231,05219162,29,0,1,110,D,4,D,11,D,,A,17000,F,,A,1,D,12000,F,02,D
20231,05219372,32,0,1,110,D,1,D,01,D,9000,D,,A,,A,2,D,,A,02,D
20231,05219484,24,0,1,110,D,4,D,12,D,,A,,A,16000,D,1,D,8000,D,02,D
20231,05219522,18,0,1,110,D,1,D,01,D,1500,D,,A,,A,2,D,,A,02,D
20231,05220452,26,0,1,110,D,1,D,01,D,4000,D,,A,,A,2,D,,A,02,D
20231,05221962,36,0,1,100,D,6,D,11,D,,A,,A,,A,2,D,,A,03,D
20231,05222092,34,0,1,100,D,1,D,12,D,500,D,,A,,A,2,D,,A,02,D
20231,05222672,29,0,1,110,D,3,D,01,D,,A,,A,,A,2,D,,A,04,D
20231,05222882,35,0,1,110,D,3,D,01,D,,A,,A,,A,2,D,,A,02,D
20231,05224153,39,0,1,100,D,1,D,12,D,1800,D,,A,,A,2,D,,A,03,D
20231,05224502,15,0,1,110,D,2,D,12,D,,A,,A,,A,2,D,,A,02,D
20231,05224982,26,0,1,100,D,4,D,01,D,,A,8700,D,,A,1,D,1500,D,01,D
20231,05225202,45,0,1,100,D,1,D,01,D,2000,D,,A,,A,2,D,,A,02,D
20231,05226372,32,0,1,100,D,1,D,01,D,4000,D,,A,,A,2,D,,A,03,D
20231,05226852,13,0,1,100,D,6,D,02,D,,A,,A,,A,2,D,,A,01,D
20231,05227652,13,0,1,110,D,2,D,01,D,,A,,A,,A,2,D,,A,01,D
20231,05228022,38,0,1,110,D,2,D,01,D,,A,,A,,A,2,D,,A,01,D
20231,05228292,21,0,1,100,D,2,D,12,D,,A,,A,,A,1,D,,A,01,D
20231,05228952,25,0,1,100,D,6,D,12,D,,A,,A,,A,2,D,,A,02,D
20231,05229602,32,0,1,100,D,4,D,01,D,,A,7000,D,,A,2,D,,A,03,D
20231,05229672,41,0,1,110,D,2,D,02,D,,A,,A,,A,2,D,,A,02,D
20231,05229802,25,0,1,110,D,3,D,01,D,,A,,A,,A,2,D,,A,02,D
20231,05231192,10,0,1,100,D,3,D,12,D,,A,,A,,A,2,D,,A,01,D
20231,05231342,26,0,1,100,D,1,D,01,D,1200,F,,A,,A,2,D,,A,03,D
20231,05231432,27,0,1,110,D,4,D,02,D,,A,9000,D,,A,1,D,25000,F,01,D
20231,05232072,13,0,1,110,D,6,D,01,D,,A,,A,,A,2,D,,A,01,D
20231,05232232,20,0,1,100,D,4,D,12,D,,A,,A,,A,2,D,,A,01,D
20231,05233542,27,0,1,100,D,6,D,12,D,,A,,A,,A,2,D,,A,03,D
20231,05234172,13,0,1,110,D,2,D,02,D,,A,,A,,A,2,D,,A,01,D
20231,05234402,46,0,1,110,D,1,D,01,D,9000,D,,A,,A,2,D,,A,02,D
20231,05234442,12,0,1,100,D,3,D,02,D,,A,,A,,A,2,D,,A,01,D
20231,05236062,38,0,1,110,D,3,D,02,D,,A,,A,,A,2,D,,A,03,D
20231,05236592,41,0,1,100,D,1,D,12,D,1000,D,,A,,A,2,D,,A,02,D
20231,05254621,37,0,1,100,D,1,D,11,D,2000,D,,A,,A,2,D,,A,03,D
20231,05254741,23,0,1,110,D,4,D,11,D,,A,29000,D,,A,2,D,,A,02,D
20231,05254851,42,0,1,200,D,6,D,11,D,,A,,A,,A,2,D,,A,12,D
20231,05257661,30,0,1,100,D,1,D,12,D,10000,D,,A,,A,2,D,,A,07,D
20231,05258921,24,0,1,100,D,3,D,10,D,,A,,A,,A,2,D,,A,04,D
20231,05259191,35,0,1,110,D,1,D,11,D,5000,D,,A,,A,2,D,,A,06,D
20231,05259511,16,0,1,100,D,2,D,12,D,,A,,A,,A,2,D,,A,03,D
20231,05266063,19,0,1,100,D,1,D,01,D,2000,D,,A,,A,2,D,,A,02,D
20231,05266321,25,0,1,100,D,6,D,11,D,,A,,A,,A,1,D,,A,02,D
20231,05280661,49,0,1,110,D,2,D,01,D,,A,,A,,A,2,D,,A,04,D
20231,05282981,44,0,1,110,D,2,D,02,D,,A,,A,,A,2,D,,A,04,D
20231,05283121,28,0,1,110,D,4,D,12,D,,A,17000,D,,A,1,D,12000,D,05,D
