QYEAR,NEWID,SEQNO,ALCNO,REC_ORIG,PROP_NOH,PROP0NOH,OWNYH,OWNYH_,PAIDLOAN,PAID_OAN,PRIMPLUS,PRIM_LUS,JINTPDX,JINTPDX_,JLCPRINX,JLCP_INX,LOAN_NOH,LOAN0NOH,TOTOWED,TOTOWED_
20212,04420444,18,0,5,01,D,100,D,1,D,0.0475,D,0,D,0,D,01,D,0,D
20212,04421574,30,0,5,01,D,100,D,1,D,0.0475,D,41,D,1009,D,01,D,3412,D
20212,04421634,29,0,5,01,D,100,D,1,D,0.0475,D,841,D,1562,D,01,D,70789,D
20212,04422064,18,0,5,01,D,100,D,2,D,0.0475,D,,A,,A,01,D,0,D
20212,04422844,31,0,5,01,D,100,D,1,D,0.0475,D,515,D,1318,D,01,D,43377,D
20212,04423494,34,0,5,01,D,100,D,2,D,0.0475,D,,A,,A,01,D,0,D
20212,04424654,10,0,5,01,D,100,D,2,D,0.0475,D,,A,,A,01,D,32000,D
20212,04425754,24,0,5,01,D,100,D,2,D,0.0475,D,,A,,A,01,D,0,D
20212,04426104,22,0,5,01,D,100,D,1,D,0.0475,D,80,F,1285,F,01,D,6700,F
20212,04427484,20,0,5,01,D,100,D,1,D,0.0475,D,1389,F,411,F,01,D,117000,F
20212,04428874,58,0,5,01,D,100,D,1,D,0.0475,D,119,D,517,D,01,D,10000,D
20212,04429764,17,0,1,01,D,100,D,1,D,0.0475,D,0,F,0,F,01,D,0,F
20212,04429844,48,0,5,01,D,100,D,2,D,0.0475,D,,A,,A,01,D,0,D
20212,04429944,13,0,5,01,D,100,D,2,D,0.0475,D,,A,,A,01,D,0,D
20212,04430024,22,0,5,01,D,100,D,2,D,0.0475,D,,A,,A,01,D,0,D
20212,04430494,24,0,5,01,D,100,D,2,D,0.0475,D,,A,,A,01,D,0,D
20212,04431544,36,0,5,01,D,100,D,2,D,0.0475,D,,A,,A,01,D,245571,T
20212,04462974,26,0,5,01,D,100,D,2,D,0.0475,D,,A,,A,01,D,0,D
20212,04465574,18,0,5,01,D,100,D,2,D,0.0475,D,546,F,672,F,01,D,46000,F
20212,04467264,17,0,5,01,D,100,D,1,D,0.0475,D,422,D,778,D,01,D,35500,D
20212,04467864,16,0,5,01,D,100,D,2,D,0.0475,D,116,F,184,F,01,D,9800,F
20212,04468294,20,0,5,01,D,100,D,1,D,0.0475,D,353,D,547,D,01,D,29746,D
20212,04469854,35,0,5,02,D,300,D,2,D,0.0475,D,,A,,A,01,D,0,D
20212,04469894,20,0,5,01,D,100,D,2,D,0.0475,D,41,F,1009,F,01,D,3412,F
20212,04471414,35,0,5,01,D,100,D,1,D,0.0475,D,1484,D,2266,D,01,D,125000,D
20212,04471734,32,0,5,01,D,100,D,1,D,0.0475,D,226,D,194,D,01,D,19000,D
20212,04472194,50,0,5,01,D,100,D,2,D,0.0475,D,,A,,A,01,D,0,D
20212,04503554,13,0,5,01,D,100,D,1,D,0.0475,D,297,D,3,D,01,D,25000,D
20212,04503924,23,0,5,01,D,100,D,1,D,0.0475,D,439,D,-139,D,01,D,37000,D
20212,04504344,26,0,5,01,D,100,D,1,D,0.0475,D,80,D,1285,D,01,D,6700,D
20212,04505004,56,0,5,01,D,100,D,1,D,0.0475,D,16,D,1034,D,01,D,1369,D
20212,04505874,23,0,5,01,D,100,D,2,D,0.0475,D,,A,,A,01,D,8000,D
20212,04506174,44,0,5,01,D,100,D,1,D,0.0475,D,226,D,254,D,01,D,19000,D
20212,04506354,16,0,5,01,D,100,D,2,D,0.0475,D,,A,,A,01,D,144000,D
20212,04506634,21,0,5,01,D,100,D,2,D,0.0475,D,,A,,A,01,D,0,D
20212,04509104,25,0,5,01,D,100,D,1,D,0.0475,D,568,D,2408,D,01,D,47849,D
20212,04509254,19,0,5,01,D,100,D,1,D,0.0475,D,226,D,1574,D,01,D,19000,D
20212,04509454,26,0,5,01,D,100,D,1,D,0.0475,D,297,D,603,D,01,D,25000,D
20212,04510034,58,0,5,01,D,100,D,2,D,0.0475,D,,A,,A,01,D,0,D
20212,04510034,59,0,5,01,D,100,D,2,D,0.0475,D,,A,,A,02,D,0,D
20212,04510894,50,0,5,01,D,100,D,2,D,0.0475,D,,A,,A,01,D,0,D
20212,04511174,27,0,5,01,D,100,D,1,D,0.0475,D,133,D,2867,D,01,D,11231,D
20212,04513744,21,0,5,01,D,100,D,1,D,0.0475,D,154,D,191,D,01,D,13000,D
20212,04514064,29,0,5,01,D,100,D,1,D,0.0475,D,190,D,1310,D,01,D,16000,D
20212,04544553,24,0,5,01,D,100,D,1,D,0.0475,D,207,D,320,D,01,D,17462,D
20212,04544923,19,0,5,01,D,100,D,1,D,0.0475,D,178,F,122,F,01,D,15000,F
20212,04544953,15,0,5,01,D,100,D,1,D,0.0475,D,53,D,2647,D,01,D,4500,D
20212,04545183,29,0,5,01,D,100,D,2,D,0.0475,D,,A,,A,01,D,116000,D
20212,04545793,21,0,5,01,D,100,D,2,D,0.0475,D,,A,,A,01,D,50000,D
20212,04546353,20,0,5,01,D,100,D,2,D,0.0475,D,,A,,A,01,D,0,D
20212,04547123,27,0,5,01,D,100,D,2,D,0.0475,D,,A,,A,01,D,0,D
20212,04547193,32,0,5,01,D,100,D,1,D,0.0475,D,175,D,575,D,01,D,14700,D
20212,04548463,28,0,5,01,D,100,D,2,D,0.0475,D,,A,,A,01,D,56000,D
20212,04549033,17,0,1,01,D,100,D,1,D,0.0475,D,154,F,1376,F,01,D,13000,F
20212,04549113,29,0,5,01,D,100,D,2,D,0.0475,D,,A,,A,01,D,0,D
20212,04549743,33,0,5,01,D,100,D,1,D,0.0475,D,867,D,2133,D,01,D,73000,D
20212,04551253,23,0,5,01,D,100,D,1,D,0.0475,D,42,F,23476,V,01,D,3500,F
20212,04552423,26,0,5,01,D,100,D,2,D,0.0475,D,0,F,0,F,01,D,0,F
20212,04552573,27,0,5,01,D,100,D,2,D,0.0475,D,,A,,A,01,D,0,D
20212,04553743,19,0,5,01,D,100,D,2,D,0.0475,D,380,F,2620,F,01,D,32000,F
20212,04555393,29,0,5,01,D,100,D,2,D,0.0475,D,,A,,A,01,D,1000,D
20212,04555903,16,0,5,01,D,100,D,1,D,0.0475,D,594,D,2706,D,01,D,50000,D
20212,04555983,21,0,5,01,D,100,D,2,D,0.0475,D,,A,,A,01,D,0,D
20212,04556693,23,0,5,01,D,100,D,1,D,0.0475,D,178,D,1922,D,01,D,15000,D
20212,04556983,13,0,1,01,D,100,D,1,D,0.0475,D,539,F,1183,F,01,D,45395,F
20212,04557783,22,0,5,01,D,100,D,1,D,0.0475,D,772,D,-331,D,01,D,65000,D
20212,04558583,19,0,5,01,D,100,D,2,D,0.0475,D,,A,,A,01,D,70275,D
20212,04560093,35,0,5,01,D,100,D,2,D,0.0475,D,,A,,A,01,D,90000,D
20212,04562413,26,0,5,01,D,100,D,1,D,0.0475,D,116,D,184,D,01,D,9800,D
20212,04562823,19,0,5,01,D,100,D,1,D,0.0475,D,546,D,672,D,01,D,46000,D
20212,04563073,16,0,5,01,D,100,D,1,D,0.0475,D,214,D,386,D,01,D,18000,D
20212,04563543,30,0,5,01,D,100,D,1,D,0.0475,D,249,D,951,D,01,D,21000,D
20212,04563733,23,0,5,01,D,100,D,1,D,0.0475,D,31,D,2749,D,01,D,2600,D
20212,04563853,20,0,5,01,D,100,D,1,D,0.0475,D,0,D,0,D,01,D,0,D
20212,04564023,25,0,5,01,D,100,D,1,D,0.0475,D,93,D,657,D,01,D,7800,D
20212,04566163,22,0,5,01,D,100,D,1,D,0.0475,D,238,F,873,F,01,D,20000,F
20212,04566563,39,0,5,01,D,100,D,1,D,0.0475,D,135,D,23476,T,01,D,11400,D
20212,04566823,20,0,5,01,D,100,D,2,D,0.0475,D,,A,,A,01,D,0,D
20212,04569943,21,0,5,01,D,100,D,2,D,0.0475,D,,A,,A,01,D,0,D
20212,04571363,36,0,5,01,D,100,D,2,D,0.0475,D,,A,,A,01,D,245571,T
20212,04571693,30,0,5,01,D,100,D,2,D,0.0475,D,,A,,A,01,D,245571,T
20212,04571763,27,0,5,01,D,100,D,2,D,0.0475,D,,A,,A,01,D,0,D
20212,04572423,26,0,5,01,D,100,D,1,D,0.0475,D,234,D,1566,D,01,D,19723,D
20212,04574483,27,0,5,01,D,100,D,1,D,0.0475,D,1781,D,3019,D,01,D,150000,D
20212,04574803,43,0,5,02,D,200,D,1,D,0.0475,D,178,D,122,D,01,D,15000,D
20212,04575263,29,0,5,01,D,100,D,1,D,0.0475,D,18,D,210,D,01,D,1500,D
20212,04575313,32,0,5,01,D,100,D,2,D,0.0475,D,,A,,A,01,D,0,D
20212,04575913,23,0,5,01,D,100,D,1,D,0.0475,D,713,D,55,D,01,D,60000,D
20212,04576013,21,0,5,01,D,100,D,2,D,0.0475,D,,A,,A,01,D,0,D
20212,04576223,26,0,5,01,D,100,D,2,D,0.0475,D,,A,,A,01,D,0,D
20212,04576443,32,0,5,01,D,100,D,1,D,0.0475,D,255,D,795,D,01,D,21500,D
20212,04578463,22,0,5,01,D,100,D,1,D,0.0475,D,207,F,320,F,01,D,17462,F
20212,04578503,20,0,5,01,D,100,D,2,D,0.0475,D,,A,,A,01,D,87000,D
20212,04578613,40,0,5,02,D,300,D,2,D,0.0475,D,,A,,A,01,D,0,D
20212,04610102,13,0,1,01,D,100,D,1,D,0.0475,D,1805,D,895,D,01,D,245571,T
20212,04610242,30,0,5,01,D,100,D,2,D,0.0475,D,154,F,191,F,01,D,13000,F
20212,04612732,29,0,5,01,D,100,D,2,D,0.0475,D,,A,,A,01,D,0,D
20212,04613552,43,0,5,01,D,100,D,2,D,0.0475,D,,A,,A,01,D,0,D
20212,04614544,26,0,5,01,D,100,D,1,D,0.0475,D,1116,D,84,D,01,D,94000,D
20212,04614582,19,0,1,01,D,100,D,1,D,0.0475,D,0,F,0,F,01,D,0,F
20212,04616282,27,0,5,01,D,100,D,2,D,0.0475,D,,A,,A,01,D,31000,D
20212,04617042,11,0,1,01,D,100,D,,C,0.0475,D,255,F,795,F,01,D,21500,F
20212,04618282,35,0,5,01,D,100,D,1,D,0.0475,D,42,D,23476,T,01,D,3500,D
20212,04618362,22,0,5,01,D,100,D,2,D,0.0475,D,,A,,A,01,D,0,D
20212,04618402,33,0,5,01,D,100,D,2,D,0.0475,D,,A,,A,01,D,0,D
20212,04619092,14,0,5,01,D,100,D,2,D,0.0475,D,227,F,433,F,01,D,19100,F
20212,04619852,36,0,5,01,D,100,D,1,D,0.0475,D,356,D,694,D,01,D,30000,D
20212,04620802,16,0,1,01,D,100,D,,C,0.0475,D,664,F,761,F,01,D,55922,F
20212,04653002,15,0,1,01,D,100,D,,C,0.0475,D,568,F,2408,F,01,D,47849,F
20212,04653582,33,0,5,01,D,100,D,2,D,0.0475,D,,A,,A,01,D,0,D
20212,04653972,24,0,5,01,D,100,D,1,D,0.0475,D,594,D,3906,D,01,D,50000,D
20212,04654314,33,0,5,01,D,100,D,2,D,0.0475,D,,A,,A,01,D,0,D
20212,04655132,18,0,5,01,D,100,D,1,D,0.0475,D,13,D,1087,D,01,D,1100,D
20212,04655702,25,0,1,01,D,100,D,1,D,0.0475,D,405,D,525,D,01,D,34100,D
20212,04657742,28,0,5,01,D,100,D,1,D,0.0475,D,831,D,2169,D,01,D,70000,D
20212,04660952,12,0,1,01,D,100,D,1,D,0.0475,D,227,D,433,D,01,D,19100,D
20212,04663172,17,0,1,01,D,100,D,1,D,0.0475,D,760,D,-130,D,01,D,64000,D
20212,04679412,28,0,5,01,D,100,D,1,D,0.0475,D,439,F,-139,F,01,D,37000,F
20212,04679812,18,0,5,01,D,100,D,2,D,0.0475,D,,A,,A,01,D,105000,D
20212,04680422,13,0,5,01,D,100,D,1,D,0.0475,D,0,D,0,D,01,D,0,D
20212,04683482,25,0,5,01,D,100,D,1,D,0.0475,D,81,D,66,D,01,D,6800,D
20212,04683782,26,0,5,01,D,100,D,1,D,0.0475,D,451,D,449,D,01,D,38000,D
20212,04683822,18,0,5,01,D,100,D,1,D,0.0475,D,422,F,778,F,01,D,35500,F
20212,04683922,23,0,1,01,D,100,D,1,D,0.0475,D,238,D,873,D,01,D,20000,D
20212,04685692,48,0,5,01,D,100,D,1,D,0.0475,D,539,D,1183,D,01,D,45395,D
20212,04686042,15,0,1,01,D,100,D,2,D,0.0475,D,,A,,A,01,D,0,D
20212,04686482,19,0,5,01,D,100,D,1,D,0.0475,D,831,F,2169,F,01,D,70000,F
20212,04687152,23,0,1,01,D,100,D,1,D,0.0475,D,273,D,1169,D,01,D,23000,D
20212,04688112,30,0,5,01,D,100,D,2,D,0.0475,D,,A,,A,01,D,0,D
20212,04688392,24,0,5,01,D,100,D,1,D,0.0475,D,279,D,321,D,01,D,23500,D
20212,04688422,13,0,1,01,D,100,D,1,D,0.0475,D,143,D,877,D,01,D,12000,D
20212,04689102,24,0,5,01,D,100,D,1,D,0.0475,D,297,F,603,F,01,D,25000,F
20212,04689392,28,0,5,01,D,100,D,1,D,0.0475,D,154,D,1376,D,01,D,13000,D
20212,04689892,35,0,5,01,D,100,D,1,D,0.0475,D,847,D,-97,D,01,D,71300,D
20212,04690072,36,0,5,01,D,100,D,1,D,0.0475,D,664,D,761,D,01,D,55922,D
20212,04690582,21,0,1,01,D,100,D,1,D,0.0475,D,380,D,2620,D,01,D,32000,D
20212,04735751,16,0,1,01,D,100,D,2,D,0.0475,D,,A,,A,01,D,78000,D
20212,04738521,36,0,1,01,D,100,D,1,D,0.0475,D,950,D,1150,D,01,D,80000,D
20212,04738541,19,0,1,01,D,100,D,1,D,0.0475,D,4,D,359,D,01,D,363,D
20212,04739031,8,0,1,01,D,100,D,1,D,0.0475,D,867,D,23476,T,01,D,73000,D
20212,04740341,11,0,1,01,D,100,D,1,D,0.0475,D,238,D,662,D,01,D,20000,D
20212,04741571,23,0,1,01,D,100,D,1,D,0.0475,D,202,D,336,D,01,D,17000,D
20212,04741781,23,0,1,01,D,100,D,2,D,0.0475,D,,A,,A,01,D,0,D
20212,04742121,32,0,1,01,D,100,D,1,D,0.0475,D,48,D,-47,D,01,D,4000,D
20212,04742341,36,0,1,01,D,100,D,1,D,0.0475,D,125,D,475,D,01,D,10557,D
20212,04743071,25,0,1,01,D,100,D,2,D,0.0475,D,,A,,A,01,D,0,D
20212,04744151,9,0,1,01,D,100,D,1,D,0.0475,D,83,D,307,D,01,D,7000,D
20212,04745591,26,0,1,01,D,100,D,1,D,0.0475,D,356,D,1144,D,01,D,30000,D
20212,04745941,17,0,1,01,D,100,D,1,D,0.0475,D,238,F,662,F,01,D,20000,F
20212,04746281,20,0,1,01,D,100,D,2,D,0.0475,D,867,F,2133,F,01,D,73000,F
20212,04746901,18,0,1,01,D,100,D,1,D,0.0475,D,1176,F,160,F,01,D,99000,F
20212,04748181,9,0,1,01,D,100,D,2,D,0.0475,D,,A,,A,01,D,0,D
20212,04748511,30,0,1,01,D,100,D,1,D,0.0475,D,263,D,23476,T,01,D,22117,D
20212,04751011,23,0,1,01,D,100,D,1,D,0.0475,D,356,D,-56,D,01,D,30000,D
20212,04751221,21,0,1,01,D,100,D,1,D,0.0475,D,238,D,9761,D,01,D,20000,D
20212,04752961,15,0,1,01,D,100,D,1,D,0.0475,D,214,D,686,D,01,D,18000,D
20212,04753961,17,0,1,01,D,100,D,1,D,0.0475,D,1176,D,160,D,01,D,99000,D
20212,04754021,24,0,1,01,D,100,D,1,D,0.0475,D,55,D,245,D,01,D,4600,D
20212,04756381,25,0,1,01,D,100,D,2,D,0.0475,D,,A,,A,01,D,0,D
20212,04756831,27,0,1,01,D,100,D,1,D,0.0475,D,2969,D,1531,D,01,D,245571,T
20212,04757171,12,0,1,01,D,100,D,1,D,0.0475,D,263,F,23476,V,01,D,22117,F
20212,04757731,25,0,1,01,D,100,D,1,D,0.0475,D,124,D,296,D,01,D,10400,D
20212,04758321,31,0,1,01,D,100,D,2,D,0.0475,D,,A,,A,01,D,0,D
20212,04758851,11,0,1,01,D,100,D,2,D,0.0475,D,,A,,A,01,D,34000,D
20212,04759181,16,0,1,01,D,100,D,1,D,0.0475,D,1389,D,411,D,01,D,117000,D
20212,04761951,24,0,1,01,D,100,D,1,D,0.0475,D,261,D,744,D,01,D,22000,D
20212,04762424,14,0,1,01,D,100,D,1,D,0.0475,D,475,D,1925,D,01,D,40000,D
20212,04762791,25,0,1,01,D,100,D,1,D,0.0475,D,713,F,55,F,01,D,60000,F
20212,04765291,16,0,1,01,D,100,D,2,D,0.0475,D,,A,,A,01,D,245571,T
20212,04765751,27,0,1,01,D,100,D,1,D,0.0475,D,653,D,-203,D,01,D,55000,D
20212,04766411,40,0,1,01,D,100,D,2,D,0.0475,D,,A,,A,01,D,0,D
20212,04766471,9,0,1,01,D,100,D,2,D,0.0475,D,,A,,A,01,D,0,D
20212,04767481,19,0,1,01,D,100,D,1,D,0.0475,D,190,D,320,D,01,D,16000,D
20212,04768341,19,0,1,01,D,100,D,1,D,0.0475,D,570,D,-89,D,01,D,48000,D
20213,04544554,26,0,5,01,D,100,D,1,D,0.0475,D,206,D,316,D,01,D,17360,D
20213,04544924,20,0,5,01,D,100,D,1,D,0.0475,D,154,D,371,D,01,D,13000,D
20213,04544954,26,0,5,01,D,100,D,1,D,0.0475,D,831,F,669,F,01,D,70000,F
20213,04545184,37,0,5,01,D,100,D,2,D,0.0475,D,,A,,A,01,D,116000,D
20213,04545794,20,0,5,01,D,100,D,1,D,0.0475,D,534,D,141,D,01,D,45000,D
20213,04546354,25,0,5,01,D,100,D,2,D,0.0475,D,,A,,A,01,D,0,D
20213,04547124,31,0,5,01,D,100,D,2,D,0.0475,D,,A,,A,01,D,0,D
20213,04547194,28,0,5,01,D,100,D,1,D,0.0475,D,165,D,414,D,01,D,13900,D
20213,04548464,33,0,5,01,D,100,D,2,D,0.0475,D,,A,,A,01,D,56000,D
20213,04549114,29,0,5,01,D,100,D,2,D,0.0475,D,,A,,A,01,D,0,D
20213,04549744,33,0,5,01,D,100,D,1,D,0.0475,D,867,D,2133,D,01,D,73000,D
20213,04551254,21,0,5,01,D,100,D,1,D,0.0475,D,0,F,0,F,01,D,0,F
20213,04551334,28,0,5,01,D,100,D,1,D,0.0475,D,594,D,906,D,01,D,50000,D
20213,04552424,36,0,5,01,D,100,D,2,D,0.0475,D,,A,,A,01,D,4000,D
20213,04552574,35,0,5,01,D,100,D,2,D,0.0475,D,,A,,A,01,D,0,D
20213,04553414,15,0,5,01,D,100,D,2,D,0.0475,D,,A,,A,01,D,30000,D
20213,04553744,21,0,5,01,D,100,D,2,D,0.0475,D,451,F,1899,F,01,D,38000,F
20213,04555394,37,0,5,01,D,100,D,2,D,0.0475,D,,A,,A,01,D,1000,D
20213,04555904,19,0,5,01,D,100,D,1,D,0.0475,D,558,D,3000,D,01,D,47000,D
20213,04555984,20,0,5,01,D,100,D,2,D,0.0475,D,,A,,A,01,D,0,D
20213,04556694,23,0,5,01,D,100,D,1,D,0.0475,D,178,D,22,D,01,D,15000,D
20213,04557784,24,0,5,01,D,100,D,1,D,0.0475,D,75,D,372,D,01,D,6300,D
20213,04558584,18,0,5,01,D,100,D,1,D,0.0475,D,640,D,23476,T,01,D,53870,D
20213,04559474,16,0,5,01,D,100,D,1,D,0.0475,D,214,D,422,D,01,D,18000,D
20213,04560094,42,0,5,01,D,100,D,1,D,0.0475,D,1283,D,1033,D,01,D,108000,D
20213,04562414,22,0,5,01,D,100,D,1,D,0.0475,D,132,D,168,D,01,D,11100,D
20213,04562824,21,0,5,01,D,100,D,1,D,0.0475,D,534,D,966,D,01,D,45000,D
20213,04563074,18,0,5,01,D,100,D,1,D,0.0475,D,202,D,398,D,01,D,17000,D
20213,04563544,26,0,5,01,D,100,D,1,D,0.0475,D,297,D,1203,D,01,D,25000,D
20213,04563734,20,0,5,01,D,100,D,1,D,0.0475,D,24,D,396,D,01,D,1987,D
20213,04563854,22,0,5,01,D,100,D,1,D,0.0475,D,0,D,0,D,01,D,0,D
20213,04564024,30,0,5,01,D,100,D,1,D,0.0475,D,1330,D,-738,T,01,D,112000,D
20213,04566564,41,0,5,01,D,100,D,1,D,0.0475,D,99,D,3038,D,01,D,8336,D
20213,04566824,22,0,5,01,D,100,D,2,D,0.0475,D,,A,,A,01,D,0,D
20213,04569694,20,0,5,01,D,100,D,1,D,0.0475,D,594,F,906,F,01,D,50000,F
20213,04571694,38,0,5,01,D,100,D,2,D,0.0475,D,380,F,4620,F,01,D,32000,F
20213,04571764,24,0,5,01,D,100,D,2,D,0.0475,D,,A,,A,01,D,0,D
20213,04572424,27,0,5,01,D,100,D,1,D,0.0475,D,202,D,1898,D,01,D,17000,D
20213,04574484,23,0,5,01,D,100,D,1,D,0.0475,D,1544,D,3256,D,01,D,130000,D
20213,04574804,45,0,5,02,D,200,D,2,D,0.0475,D,,A,,A,01,D,0,D
20213,04575264,47,0,5,01,D,100,D,2,D,0.0475,D,,A,,A,01,D,0,D
20213,04575314,28,0,5,01,D,100,D,2,D,0.0475,D,,A,,A,01,D,0,D
20213,04575914,25,0,5,01,D,100,D,1,D,0.0475,D,831,D,27,D,01,D,70000,D
20213,04576014,19,0,5,01,D,100,D,2,D,0.0475,D,,A,,A,01,D,0,D
20213,04576224,28,0,5,01,D,100,D,2,D,0.0475,D,,A,,A,01,D,0,D
20213,04576444,30,0,5,01,D,100,D,1,D,0.0475,D,220,D,830,D,01,D,18500,D
20213,04578464,34,0,5,01,D,100,D,2,D,0.0475,D,,A,,A,01,D,0,D
20213,04578504,23,0,5,01,D,100,D,1,D,0.0475,D,1023,D,468,D,01,D,86106,D
20213,04578614,37,0,5,02,D,300,D,2,D,0.0475,D,,A,,A,01,D,0,D
20213,04610103,23,0,5,01,D,100,D,1,D,0.0475,D,1841,D,559,D,01,D,245571,T
20213,04610243,32,0,5,01,D,100,D,2,D,0.0475,D,,A,,A,01,D,26500,D
20213,04612733,19,0,5,01,D,100,D,2,D,0.0475,D,,A,,A,01,D,0,D
20213,04613553,46,0,5,01,D,100,D,2,D,0.0475,D,,A,,A,01,D,0,D
20213,04615093,44,0,1,01,D,100,D,1,D,0.0475,D,371,D,1029,D,01,D,31202,D
20213,04616283,29,0,5,01,D,100,D,1,D,0.0475,D,368,D,-68,D,01,D,31000,D
20213,04617043,12,0,5,01,D,100,D,1,D,0.0475,D,40,F,560,F,01,D,3400,F
20213,04618403,37,0,5,01,D,100,D,2,D,0.0475,D,,A,,A,01,D,0,D
20213,04619093,14,0,5,01,D,100,D,2,D,0.0475,D,1028,F,7672,F,01,D,86575,F
20213,04619853,34,0,5,01,D,100,D,1,D,0.0475,D,380,D,670,D,01,D,32000,D
20213,04653583,29,0,5,01,D,100,D,2,D,0.0475,D,,A,,A,01,D,0,D
20213,04653973,27,0,5,01,D,100,D,1,D,0.0475,D,582,D,2418,D,01,D,49000,D
20213,04655703,25,0,5,01,D,100,D,1,D,0.0475,D,394,D,536,D,01,D,33203,D
20213,04657743,23,0,5,01,D,100,D,1,D,0.0475,D,831,D,105,D,01,D,70000,D
20213,04658643,21,0,1,01,D,100,D,1,D,0.0475,D,831,D,1169,D,01,D,70000,D
20213,04659003,43,0,5,01,D,100,D,2,D,0.0475,D,,A,,A,01,D,0,D
20213,04662023,25,0,5,01,D,100,D,1,D,0.0475,D,1330,F,-738,V,01,D,112000,F
20213,04679413,28,0,5,01,D,100,D,1,D,0.0475,D,371,F,1029,F,01,D,31202,F
20213,04679813,15,0,5,01,D,100,D,1,D,0.0475,D,309,D,486,D,01,D,26000,D
20213,04680633,21,0,1,01,D,100,D,1,D,0.0475,D,950,D,2050,D,01,D,80000,D
20213,04683133,21,0,5,01,D,100,D,1,D,0.0475,D,831,F,1169,F,01,D,70000,F
20213,04683483,21,0,5,01,D,100,D,1,D,0.0475,D,73,D,73,D,01,D,6151,D
20213,04683783,27,0,5,01,D,100,D,1,D,0.0475,D,317,F,1243,F,01,D,26700,F
20213,04683823,20,0,5,01,D,100,D,2,D,0.0475,D,132,F,168,F,01,D,11100,F
20213,04683923,27,0,5,01,D,100,D,1,D,0.0475,D,240,D,1110,D,01,D,20169,D
20213,04685693,44,0,5,01,D,100,D,1,D,0.0475,D,524,D,1200,D,01,D,44122,D
20213,04686043,22,0,5,01,D,100,D,1,D,0.0475,D,107,D,2698,D,01,D,9000,D
20213,04686483,22,0,5,01,D,100,D,1,D,0.0475,D,8,F,442,F,01,D,700,F
20213,04687423,22,0,5,01,D,100,D,1,D,0.0475,D,0,D,0,D,01,D,0,D
20213,04687783,50,0,1,01,D,100,D,1,D,0.0475,D,1025,D,23476,T,01,D,86300,D
20213,04688113,31,0,5,01,D,100,D,2,D,0.0475,D,,A,,A,01,D,0,D
20213,04688393,19,0,5,01,D,100,D,1,D,0.0475,D,99,F,3038,F,01,D,8336,F
20213,04689103,40,0,5,01,D,100,D,1,D,0.0475,D,71,D,829,D,01,D,6000,D
20213,04689263,16,0,5,01,D,100,D,1,D,0.0475,D,121,D,299,D,01,D,10200,D
20213,04689393,23,0,5,01,D,100,D,1,D,0.0475,D,95,D,1423,D,01,D,8000,D
20213,04689893,37,0,5,01,D,100,D,1,D,0.0475,D,855,D,-105,D,01,D,72000,D
20213,04690073,37,0,5,01,D,100,D,1,D,0.0475,D,564,D,861,D,01,D,47480,D
20213,04690583,21,0,5,01,D,100,D,1,D,0.0475,D,380,D,4620,D,01,D,32000,D
20213,04735752,27,0,5,01,D,100,D,1,D,0.0475,D,107,D,1393,D,01,D,9000,D
20213,04737322,22,0,1,01,D,100,D,1,D,0.0475,D,416,D,484,D,01,D,35000,D
20213,04738542,28,0,5,01,D,100,D,1,D,0.0475,D,4,D,296,D,01,D,300,D
20213,04739032,10,0,5,01,D,100,D,1,D,0.0475,D,748,D,-738,T,01,D,63000,D
20213,04740342,16,0,5,01,D,100,D,1,D,0.0475,D,261,D,639,D,01,D,22000,D
20213,04741572,34,0,5,01,D,100,D,1,D,0.0475,D,202,D,332,D,01,D,17000,D
20213,04742122,38,0,5,01,D,100,D,1,D,0.0475,D,36,D,2464,D,01,D,3000,D
20213,04742342,35,0,5,01,D,100,D,1,D,0.0475,D,123,D,553,D,01,D,10322,D
20213,04743072,35,0,5,01,D,100,D,1,D,0.0475,D,0,D,0,D,01,D,0,D
20213,04744152,18,0,5,01,D,100,D,1,D,0.0475,D,86,D,230,D,01,D,7248,D
20213,04745942,25,0,5,01,D,100,D,1,D,0.0475,D,297,F,253,F,01,D,25000,F
20213,04746282,21,0,5,01,D,100,D,2,D,0.0475,D,,A,,A,01,D,0,D
20213,04748512,34,0,5,01,D,100,D,1,D,0.0475,D,259,D,341,D,01,D,21800,D
20213,04751012,25,0,5,01,D,100,D,2,D,0.0475,D,,A,,A,01,D,37300,D
20213,04751222,31,0,5,01,D,100,D,1,D,0.0475,D,214,D,175,D,01,D,18000,D
20213,04753502,22,0,1,01,D,100,D,1,D,0.0475,D,238,D,2252,D,01,D,20000,D
20213,04753962,19,0,5,01,D,100,D,1,D,0.0475,D,1179,D,164,D,01,D,99275,D
20213,04754122,28,0,5,01,D,100,D,2,D,0.0475,D,,A,,A,01,D,0,D
20213,04756382,33,0,5,01,D,100,D,2,D,0.0475,D,,A,,A,01,D,0,D
20213,04756832,29,0,5,01,D,100,D,2,D,0.0475,D,,A,,A,01,D,0,D
20213,04757172,20,0,5,01,D,100,D,1,D,0.0475,D,1179,F,164,F,01,D,99275,F
20213,04757732,22,0,5,01,D,100,D,1,D,0.0475,D,11,D,289,D,01,D,930,D
20213,04758852,14,0,5,01,D,100,D,1,D,0.0475,D,404,D,691,D,01,D,34000,D
20213,04758882,11,0,1,01,D,100,D,1,D,0.0475,D,653,D,-143,D,01,D,55000,D
20213,04759182,16,0,5,01,D,100,D,1,D,0.0475,D,1366,D,7634,D,01,D,115000,D
20213,04759272,23,0,5,01,D,100,D,1,D,0.0475,D,546,F,1160,F,01,D,46000,F
20213,04761952,28,0,5,01,D,100,D,1,D,0.0475,D,261,D,744,D,01,D,22000,D
20213,04762792,31,0,5,01,D,100,D,2,D,0.0475,D,,A,,A,01,D,0,D
20213,04765292,25,0,5,01,D,100,D,2,D,0.0475,D,,A,,A,01,D,0,D
20213,04765752,31,0,5,01,D,100,D,1,D,0.0475,D,594,D,-144,D,01,D,50000,D
20213,04766232,21,0,1,01,D,100,D,1,D,0.0475,D,297,D,253,D,01,D,25000,D
20213,04766412,58,0,5,01,D,100,D,2,D,0.0475,D,,A,,A,01,D,8000,D
20213,04767482,26,0,5,01,D,100,D,1,D,0.0475,D,197,D,313,D,01,D,16600,D
20213,04816941,9,0,1,01,D,100,D,1,D,0.0475,D,14,D,286,D,01,D,1200,D
20213,04817711,14,0,1,01,D,100,D,1,D,0.0475,D,1663,D,2837,D,01,D,140000,D
20213,04818111,9,0,1,01,D,100,D,1,D,0.0475,D,546,D,1160,D,01,D,46000,D
20213,04818761,17,0,1,01,D,100,D,2,D,0.0475,D,165,F,414,F,01,D,13900,F
20213,04818971,15,0,1,01,D,100,D,1,D,0.0475,D,40,D,560,D,01,D,3400,D
20213,04819551,8,0,1,01,D,100,D,1,D,0.0475,D,190,D,335,D,01,D,16000,D
20213,04819901,16,0,1,01,D,100,D,1,D,0.0475,D,1781,D,-281,D,01,D,150000,D
20213,04820091,26,0,1,01,D,100,D,2,D,0.0475,D,,A,,A,01,D,0,D
20213,04820361,29,0,1,01,D,100,D,1,D,0.0475,D,317,D,1243,D,01,D,26700,D
20213,04820881,21,0,1,01,D,100,D,1,D,0.0475,D,8,D,442,D,01,D,700,D
20213,04821161,18,0,1,01,D,100,D,1,D,0.0475,D,511,D,689,D,01,D,43000,D
20213,04821561,9,0,1,01,D,100,D,1,D,0.0475,D,701,D,6299,D,01,D,59000,D
20213,04822991,19,0,1,01,D,100,D,2,D,0.0475,D,,A,,A,01,D,0,D
20213,04823091,22,0,1,01,D,100,D,1,D,0.0475,D,285,D,1515,D,01,D,24000,D
20213,04823181,8,0,1,01,D,100,D,1,D,0.0475,D,30,D,120,D,01,D,2500,D
20213,04823671,11,0,1,01,D,100,D,1,D,0.0475,D,534,D,2466,D,01,D,45000,D
20213,04824001,18,0,1,01,D,100,D,1,D,0.0475,D,166,D,1484,D,01,D,14000,D
20213,04826491,30,0,1,01,D,100,D,2,D,0.0475,D,,A,,A,01,D,0,D
20213,04828331,21,0,1,01,D,100,D,1,D,0.0475,D,119,D,23476,T,01,D,10000,D
20213,04828571,31,0,1,01,D,100,D,1,D,0.0475,D,475,D,125,D,01,D,40000,D
20213,04829101,14,0,1,01,D,100,D,1,D,0.0475,D,226,D,482,D,01,D,19000,D
20213,04829381,10,0,1,01,D,100,D,1,D,0.0475,D,1093,D,407,D,01,D,92000,D
20213,04832181,26,0,1,01,D,100,D,1,D,0.0475,D,1247,F,-738,V,01,D,105000,F
20213,04832351,29,0,1,01,D,100,D,1,D,0.0475,D,1579,F,1979,F,01,D,133000,F
20213,04833241,30,0,1,01,D,100,D,1,D,0.0475,D,222,D,378,D,01,D,18700,D
20213,04835101,9,0,1,01,D,100,D,1,D,0.0475,D,1028,D,7672,D,01,D,86575,D
20213,04836041,27,0,1,01,D,100,D,1,D,0.0475,D,69,D,321,D,01,D,5787,D
20213,04836411,20,0,1,01,D,100,D,2,D,0.0475,D,,A,,A,01,D,0,D
20213,04837911,15,0,1,01,D,100,D,1,D,0.0475,D,428,D,214,D,01,D,36000,D
20213,04838861,9,0,1,01,D,300,D,1,D,0.0475,D,451,D,,T,01,D,,T
20213,04838921,12,0,1,01,D,100,D,1,D,0.0475,D,1579,D,1979,D,01,D,133000,D
20213,04840631,34,0,1,01,D,100,D,2,D,0.0475,D,,A,,A,01,D,0,D
20213,04840694,34,0,1,01,D,100,D,1,D,0.0475,D,380,F,670,F,01,D,32000,F
20213,04840961,16,0,1,01,D,100,D,1,D,0.0475,D,938,D,247,D,01,D,79000,D
20213,04841611,41,0,1,01,D,100,D,1,D,0.0475,D,3,D,12,D,01,D,230,D
20213,04842871,21,0,1,01,D,100,D,1,D,0.0475,D,867,F,2133,F,01,D,73000,F
20213,04843101,13,0,1,01,D,100,D,1,D,0.0475,D,356,D,94,D,01,D,30000,D
20213,04843351,16,0,1,01,D,100,D,1,D,0.0475,D,831,D,669,D,01,D,70000,D
20213,04844731,12,0,1,01,D,100,D,1,D,0.0475,D,238,D,332,D,01,D,20000,D
20213,04845111,29,0,1,01,D,100,D,2,D,0.0475,D,,A,,A,01,D,100000,D
20213,04846031,17,0,1,01,D,100,D,1,D,0.0475,D,475,D,125,D,01,D,40000,D
20213,04846201,22,0,1,01,D,100,D,1,D,0.0475,D,226,D,1532,D,01,D,19000,D
20213,04846271,30,0,1,01,D,100,D,1,D,0.0475,D,3,F,12,F,01,D,230,F
20213,04847381,21,0,1,01,D,100,D,1,D,0.0475,D,1247,D,-738,T,01,D,105000,D
20213,04848621,35,0,1,01,D,100,D,1,D,0.0475,D,1425,D,375,D,01,D,120000,D
20213,04848621,36,0,1,01,D,100,D,1,D,0.0475,D,772,D,578,D,02,D,65000,D
20213,04848621,37,0,1,01,D,100,D,1,D,0.0475,D,831,D,519,D,03,D,70000,D
20214,04610104,24,0,5,01,D,100,D,1,D,0.0475,D,1663,D,737,D,01,D,140000,D
20214,04610244,28,0,5,01,D,100,D,1,D,0.0475,D,302,D,91,D,01,D,25446,D
20214,04611494,36,0,1,01,D,100,D,1,D,0.0475,D,765,D,32304,T,01,D,64434,D
20214,04612734,26,0,5,01,D,100,D,2,D,0.0475,D,,A,,A,01,D,0,D
20214,04613554,52,0,5,01,D,100,D,2,D,0.0475,D,,A,,A,01,D,0,D
20214,04616284,25,0,5,01,D,100,D,1,D,0.0475,D,364,D,1342,D,01,D,30627,D
20214,04617044,20,0,5,01,D,100,D,1,D,0.0475,D,463,D,137,D,01,D,39000,D
20214,04618404,48,0,5,01,D,100,D,1,D,0.0475,D,297,D,32304,T,01,D,25000,D
20214,04619094,21,0,5,01,D,100,D,1,D,0.0475,D,463,F,137,F,01,D,39000,F
20214,04619854,35,0,5,01,D,100,D,1,D,0.0475,D,356,D,694,D,01,D,30000,D
20214,04620804,17,0,5,01,D,100,D,2,D,0.0475,D,,A,,A,01,D,92000,D
20214,04653004,28,0,5,01,D,100,D,1,D,0.0475,D,1176,D,3624,D,01,D,99000,D
20214,04653974,29,0,5,01,D,100,D,1,D,0.0475,D,665,D,2335,D,01,D,56000,D
20214,04655704,34,0,5,01,D,100,D,2,D,0.0475,D,,A,,A,01,D,32700,D
20214,04657744,22,0,5,01,D,100,D,1,D,0.0475,D,843,D,2907,D,01,D,71000,D
20214,04658644,38,0,5,01,D,100,D,1,D,0.0475,D,849,D,1551,D,01,D,71500,D
20214,04659004,50,0,5,01,D,100,D,2,D,0.0475,D,,A,,A,01,D,0,D
20214,04662024,22,0,5,01,D,100,D,1,D,0.0475,D,433,F,1767,F,01,D,36500,F
20214,04679414,23,0,5,01,D,100,D,1,D,0.0475,D,451,F,1139,F,01,D,38000,F
20214,04679814,17,0,5,01,D,100,D,1,D,0.0475,D,297,D,498,D,01,D,25000,D
20214,04681694,17,0,1,01,D,100,D,1,D,0.0475,D,119,F,781,F,01,D,10000,F
20214,04683134,15,0,5,01,D,100,D,1,D,0.0475,D,59,D,991,D,01,D,5000,D
20214,04683484,29,0,5,01,D,100,D,1,D,0.0475,D,72,D,82,D,01,D,6100,D
20214,04683784,21,0,5,01,D,100,D,1,D,0.0475,D,653,F,5347,F,01,D,55000,F
20214,04683824,21,0,5,01,D,100,D,2,D,0.0475,D,82,F,229,F,01,D,6900,F
20214,04683924,33,0,5,01,D,100,D,1,D,0.0475,D,238,D,834,D,01,D,20000,D
20214,04684694,22,0,5,01,D,100,D,2,D,0.0475,D,,A,,A,01,D,3700,D
20214,04685694,48,0,5,01,D,100,D,1,D,0.0475,D,509,D,1202,D,01,D,42849,D
20214,04686094,32,0,5,01,D,100,D,2,D,0.0475,D,,A,,A,01,D,100000,D
20214,04686484,20,0,5,01,D,100,D,1,D,0.0475,D,843,F,2907,F,01,D,71000,F
20214,04687424,31,0,5,01,D,100,D,2,D,0.0475,D,,A,,A,01,D,0,D
20214,04687784,72,0,5,01,D,100,D,1,D,0.0475,D,4,D,32304,T,01,D,31349,D
20214,04688094,21,0,1,01,D,100,D,1,D,0.0475,D,285,D,-14,D,01,D,24000,D
20214,04688094,22,0,1,01,D,100,D,2,D,0.0475,D,,A,,A,02,D,0,D
20214,04688114,32,0,5,01,D,100,D,2,D,0.0475,D,,A,,A,01,D,0,D
20214,04688394,16,0,5,01,D,100,D,2,D,0.0475,D,238,F,-29,F,01,D,20000,F
20214,04689104,41,0,5,01,D,100,D,1,D,0.0475,D,52,D,1448,D,01,D,4400,D
20214,04689264,13,0,5,01,D,100,D,1,D,0.0475,D,166,D,204,D,01,D,14000,D
20214,04689394,21,0,5,01,D,100,D,1,D,0.0475,D,95,D,1423,D,01,D,8000,D
20214,04689894,35,0,5,01,D,100,D,2,D,0.0475,D,,A,,A,01,D,0,D
20214,04690074,40,0,5,01,D,100,D,1,D,0.0475,D,582,D,843,D,01,D,49000,D
20214,04690584,26,0,5,01,D,100,D,1,D,0.0475,D,77,D,6423,D,01,D,6500,D
20214,04735753,25,0,5,01,D,100,D,2,D,0.0475,D,,A,,A,01,D,50000,D
20214,04737323,44,0,5,01,D,100,D,1,D,0.0475,D,451,D,1139,D,01,D,38000,D
20214,04739573,11,0,1,01,D,100,D,1,D,0.0475,D,119,D,2881,D,01,D,10000,D
20214,04741573,43,0,5,01,D,100,D,1,D,0.0475,D,238,D,302,D,01,D,20000,D
20214,04742123,36,0,5,01,D,100,D,2,D,0.0475,D,,A,,A,01,D,3500,D
20214,04742343,30,0,5,01,D,100,D,1,D,0.0475,D,118,D,482,D,01,D,9954,D
20214,04744153,17,0,5,01,D,100,D,1,D,0.0475,D,82,D,229,D,01,D,6900,D
20214,04745593,39,0,5,01,D,100,D,1,D,0.0475,D,356,D,1144,D,01,D,30000,D
20214,04745943,23,0,5,01,D,100,D,1,D,0.0475,D,713,D,937,D,01,D,60000,D
20214,04746283,18,0,5,01,D,100,D,1,D,0.0475,D,1663,D,437,D,01,D,140000,D
20214,04748513,30,0,5,01,D,100,D,1,D,0.0475,D,249,D,1251,D,01,D,21000,D
20214,04751013,28,0,5,01,D,100,D,2,D,0.0475,D,,A,,A,01,D,37000,D
20214,04751223,29,0,5,01,D,100,D,1,D,0.0475,D,214,D,7784,D,01,D,18000,D
20214,04752963,24,0,5,01,D,100,D,2,D,0.0475,D,,A,,A,01,D,21000,D
20214,04753103,11,0,1,01,D,100,D,1,D,0.0475,D,79,D,788,D,01,D,6640,D
20214,04756383,29,0,5,01,D,100,D,2,D,0.0475,D,,A,,A,01,D,0,D
20214,04757173,23,0,5,01,D,100,D,1,D,0.0475,D,950,F,250,F,01,D,80000,F
20214,04757733,35,0,5,01,D,100,D,1,D,0.0475,D,95,D,205,D,01,D,8000,D
20214,04758853,13,0,5,01,D,100,D,1,D,0.0475,D,397,D,611,D,01,D,33398,D
20214,04758883,16,0,5,01,D,100,D,1,D,0.0475,D,713,D,-173,D,01,D,60000,D
20214,04759183,18,0,5,01,D,100,D,1,D,0.0475,D,1294,D,506,D,01,D,109000,D
20214,04761953,26,0,5,01,D,100,D,1,D,0.0475,D,249,D,756,D,01,D,21000,D
20214,04762793,31,0,5,01,D,100,D,1,D,0.0475,D,83,D,1933,D,01,D,7000,D
20214,04765293,29,0,5,01,D,100,D,2,D,0.0475,D,,A,,A,01,D,0,D
20214,04765753,35,0,5,01,D,100,D,1,D,0.0475,D,534,D,966,D,01,D,45000,D
20214,04766233,26,0,5,01,D,100,D,2,D,0.0475,D,,A,,A,01,D,110000,D
20214,04766413,63,0,5,01,D,100,D,1,D,0.0475,D,187,D,1813,D,01,D,15739,D
20214,04767483,20,0,5,01,D,100,D,1,D,0.0475,D,197,D,313,D,01,D,16600,D
20214,04816942,16,0,5,01,D,100,D,2,D,0.0475,D,713,F,1687,F,01,D,60000,F
20214,04817712,17,0,5,01,D,100,D,1,D,0.0475,D,1722,D,2428,D,01,D,145000,D
20214,04818112,14,0,5,01,D,100,D,1,D,0.0475,D,523,D,2477,D,01,D,44000,D
20214,04818972,18,0,5,01,D,100,D,1,D,0.0475,D,34,D,566,D,01,D,2900,D
20214,04819162,13,0,1,01,D,100,D,1,D,0.0475,D,2969,D,-1127,T,01,D,276100,T
20214,04819902,19,0,5,01,D,100,D,1,D,0.0475,D,1069,D,431,D,01,D,90000,D
20214,04820092,27,0,5,01,D,100,D,2,D,0.0475,D,,A,,A,01,D,0,D
20214,04820362,36,0,5,01,D,100,D,1,D,0.0475,D,307,D,1253,D,01,D,25811,D
20214,04820882,24,0,5,01,D,100,D,1,D,0.0475,D,13,D,437,D,01,D,1100,D
20214,04821132,19,0,1,01,D,100,D,1,D,0.0475,D,439,D,1166,D,01,D,37000,D
20214,04821162,21,0,5,01,D,100,D,1,D,0.0475,D,546,D,32304,T,01,D,46000,D
20214,04821562,8,0,5,01,D,100,D,1,D,0.0475,D,594,D,7406,D,01,D,50000,D
20214,04822722,21,0,1,01,D,100,D,1,D,0.0475,D,796,F,1154,F,01,D,67000,F
20214,04823092,21,0,5,01,D,100,D,2,D,0.0475,D,,A,,A,01,D,600,D
20214,04823182,8,0,5,01,D,100,D,2,D,0.0475,D,154,F,1496,F,01,D,13000,F
20214,04823672,14,0,5,01,D,100,D,,C,0.0475,D,1247,F,32304,V,01,D,42000,D
20214,04824002,21,0,5,01,D,100,D,1,D,0.0475,D,154,D,1496,D,01,D,13000,D
20214,04825792,20,0,1,01,D,100,D,1,D,0.0475,D,1235,F,1765,F,01,D,104000,F
20214,04826492,39,0,5,01,D,100,D,2,D,0.0475,D,,A,,A,01,D,0,D
20214,04828332,39,0,5,01,D,100,D,1,D,0.0475,D,107,D,32304,T,01,D,9000,D
20214,04828572,33,0,5,01,D,100,D,1,D,0.0475,D,0,D,0,D,01,D,70000,D
20214,04832182,28,0,5,01,D,100,D,1,D,0.0475,D,344,D,-44,D,01,D,29000,D
20214,04832352,36,0,5,01,D,100,D,1,D,0.0475,D,151,D,8599,D,01,D,12750,D
20214,04833242,31,0,5,01,D,100,D,1,D,0.0475,D,259,D,401,D,01,D,21800,D
20214,04835102,15,0,5,01,D,100,D,1,D,0.0475,D,95,D,655,D,01,D,8000,D
20214,04836042,41,0,5,01,D,100,D,1,D,0.0475,D,63,D,312,D,01,D,5344,D
20214,04836412,31,0,5,01,D,100,D,2,D,0.0475,D,83,F,1933,F,01,D,7000,F
20214,04838862,13,0,5,01,D,300,D,1,D,0.0475,D,433,D,,T,01,D,,T
20214,04838922,17,0,5,01,D,100,D,1,D,0.0475,D,1366,D,1634,D,01,D,115000,D
20214,04839872,16,0,1,01,D,100,D,1,D,0.0475,D,24,D,426,D,01,D,2033,D
20214,04840632,42,0,5,01,D,100,D,2,D,0.0475,D,,A,,A,01,D,0,D
20214,04840962,27,0,5,01,D,100,D,1,D,0.0475,D,2969,F,-1127,V,01,D,276100,V
20214,04841612,39,0,5,01,D,100,D,2,D,0.0475,D,214,F,7784,F,01,D,18000,F
20214,04842482,24,0,1,01,D,100,D,1,D,0.0475,D,416,F,484,F,01,D,35000,F
20214,04842872,57,0,5,01,D,100,D,,C,0.0475,D,356,F,1144,F,01,D,30000,F
20214,04843102,17,0,5,01,D,100,D,1,D,0.0475,D,475,D,-79,D,01,D,40000,D
20214,04843352,25,0,5,01,D,100,D,1,D,0.0475,D,831,D,1569,D,01,D,70000,D
20214,04845112,37,0,5,01,D,100,D,2,D,0.0475,D,,A,,A,01,D,0,D
20214,04846032,19,0,5,01,D,100,D,1,D,0.0475,D,475,D,3125,D,01,D,40000,D
20214,04846202,26,0,5,01,D,100,D,1,D,0.0475,D,154,D,1559,D,01,D,13000,D
20214,04846272,32,0,5,01,D,100,D,1,D,0.0475,D,546,F,32304,V,01,D,46000,F
20214,04846372,15,0,1,01,D,100,D,2,D,0.0475,D,,A,,A,01,D,0,D
20214,04847382,30,0,5,01,D,100,D,1,D,0.0475,D,1247,D,32304,T,01,D,105000,D
20214,04848622,34,0,5,01,D,100,D,1,D,0.0475,D,119,F,2881,F,01,D,10000,F
20214,04848622,35,0,5,01,D,100,D,1,D,0.0475,D,297,F,32304,V,02,D,25000,F
20214,04848622,36,0,5,01,D,100,D,2,D,0.0475,D,,A,,A,03,D,0,D
20214,04849722,13,0,1,01,D,100,D,1,D,0.0475,D,343,D,305,D,01,D,28844,D
20214,04895631,8,0,1,01,D,100,D,2,D,0.0475,D,,A,,A,01,D,0,D
20214,04897031,28,0,1,01,D,100,D,1,D,0.0475,D,950,D,250,D,01,D,80000,D
20214,04897761,20,0,1,01,D,100,D,1,D,0.0475,D,523,F,2477,F,01,D,44000,F
20214,04897811,16,0,1,01,D,100,D,1,D,0.0475,D,119,D,781,D,01,D,10000,D
20214,04898761,45,0,1,01,D,100,D,1,D,0.0475,D,333,D,912,D,01,D,28000,D
20214,04899031,26,0,1,01,D,100,D,1,D,0.0475,D,187,F,1813,F,01,D,15739,F
20214,04899071,32,0,1,01,D,100,D,1,D,0.0475,D,641,D,859,D,01,D,54000,D
20214,04899421,14,0,1,01,D,100,D,1,D,0.0475,D,653,D,547,D,01,D,55000,D
20214,04900751,11,0,1,01,D,100,D,1,D,0.0475,D,356,D,2644,D,01,D,30000,D
20214,04903071,41,0,1,01,D,100,D,1,D,0.0475,D,83,D,5917,D,01,D,7000,D
20214,04903341,19,0,1,01,D,100,D,1,D,0.0475,D,71,D,229,D,01,D,6000,D
20214,04904681,12,0,1,01,D,100,D,1,D,0.0475,D,356,D,904,D,01,D,30000,D
20214,04904711,31,0,1,01,D,100,D,1,D,0.0475,D,653,F,-53,F,01,D,55000,F
20214,04904861,17,0,1,01,D,100,D,1,D,0.0475,D,475,F,761,F,01,D,40000,F
20214,04905251,20,0,1,01,D,100,D,1,D,0.0475,D,1049,D,907,D,01,D,88333,D
20214,04906201,16,0,1,01,D,100,D,1,D,0.0475,D,238,D,-29,D,01,D,20000,D
20214,04906311,19,0,1,01,D,100,D,1,D,0.0475,D,7,D,561,D,01,D,568,D
20214,04908731,13,0,1,01,D,100,D,1,D,0.0475,D,796,D,1154,D,01,D,67000,D
20214,04909961,33,0,1,01,D,100,D,1,D,0.0475,D,416,D,484,D,01,D,35000,D
20214,04910591,22,0,1,01,D,100,D,1,D,0.0475,D,713,D,997,D,01,D,60000,D
20214,04911311,21,0,1,01,D,100,D,1,D,0.0475,D,1176,F,3624,F,01,D,99000,F
20214,04912451,9,0,1,01,D,100,D,1,D,0.0475,D,1781,D,1419,D,01,D,150000,D
20214,04912601,20,0,1,01,D,100,D,1,D,0.0475,D,653,D,5347,D,01,D,55000,D
20214,04912661,12,0,1,01,D,100,D,2,D,0.0475,D,,A,,A,01,D,0,D
20214,04912981,22,0,1,01,D,100,D,1,D,0.0475,D,499,D,401,D,01,D,42000,D
20214,04913421,22,0,1,01,D,100,D,1,D,0.0475,D,119,D,1381,D,01,D,10000,D
20214,04914031,13,0,1,01,D,100,D,2,D,0.0475,D,,A,,A,01,D,7000,D
20214,04914651,34,0,1,01,D,100,D,1,D,0.0475,D,297,D,453,D,01,D,24999,D
20214,04914651,35,0,1,02,D,400,D,1,D,0.0475,D,12,D,,T,01,D,,T
20214,04914811,12,0,1,01,D,100,D,1,D,0.0475,D,713,D,1687,D,01,D,60000,D
20214,04916261,14,0,1,01,D,100,D,1,D,0.0475,D,475,D,761,D,01,D,40000,D
20214,04916571,13,0,1,01,D,100,D,1,D,0.0475,D,356,D,7,D,01,D,30000,D
20214,04916571,14,0,1,01,D,100,D,1,D,0.0475,D,724,D,245,D,02,D,61000,D
20214,04916861,17,0,1,01,D,100,D,1,D,0.0475,D,49,D,299,D,01,D,4100,D
20214,04917531,13,0,1,01,D,100,D,1,D,0.0475,D,356,D,544,D,01,D,30000,D
20214,04918401,13,0,1,01,D,100,D,1,D,0.0475,D,653,D,-53,D,01,D,55000,D
20214,04919521,17,0,1,01,D,100,D,2,D,0.0475,D,,A,,A,01,D,0,D
20214,04920641,17,0,1,01,D,100,D,2,D,0.0475,D,,A,,A,01,D,0,D
20214,04920661,14,0,1,01,D,100,D,1,D,0.0475,D,1128,D,1872,D,01,D,95000,D
20214,04920831,24,0,1,01,D,100,D,1,D,0.0475,D,4,F,32304,V,01,D,60000,D
20214,04921291,16,0,1,01,D,100,D,1,D,0.0475,D,238,D,-13,D,01,D,20000,D
20214,04922701,13,0,1,01,D,100,D,1,D,0.0475,D,16,D,3134,D,01,D,1384,D
20214,04922901,23,0,1,01,D,100,D,2,D,0.0475,D,,A,,A,01,D,0,D
20214,04923001,13,0,1,01,D,100,D,1,D,0.0475,D,475,D,575,D,01,D,40000,D
20214,04923411,35,0,1,01,D,100,D,1,D,0.0475,D,214,D,986,D,01,D,18000,D
20214,04924381,18,0,1,01,D,100,D,1,D,0.0475,D,270,D,21,D,01,D,22700,D
20214,04925131,14,0,1,01,D,100,D,1,D,0.0475,D,1686,F,264,F,01,D,142000,F
20214,04926971,15,0,1,01,D,100,D,1,D,0.0475,D,1686,D,264,D,01,D,142000,D
20214,04928031,16,0,1,01,D,100,D,2,D,0.0475,D,,A,,A,01,D,0,D
20214,04928581,11,0,1,01,D,100,D,1,D,0.0475,D,1663,F,437,F,01,D,140000,F
20214,04928841,23,0,1,01,D,100,D,1,D,0.0475,D,1235,D,1765,D,01,D,104000,D
20214,04929121,25,0,1,01,D,100,D,2,D,0.0475,D,,A,,A,01,D,85339,D
20214,04929291,15,0,1,01,D,100,D,1,D,0.0475,D,594,D,586,D,01,D,50000,D
20221,04735754,27,0,5,01,D,100,D,2,D,0.0479,D,,A,,A,01,D,5000,D
20221,04737324,21,0,5,01,D,100,D,1,D,0.0479,D,421,D,929,D,01,D,35138,D
20221,04739574,18,0,5,01,D,100,D,1,D,0.0479,D,108,D,1392,D,01,D,9000,D
20221,04740344,16,0,5,01,D,100,D,1,D,0.0479,D,240,D,1260,D,01,D,20000,D
20221,04741574,38,0,5,01,D,100,D,1,D,0.0479,D,214,D,335,D,01,D,17900,D
20221,04742124,36,0,5,01,D,100,D,1,D,0.0479,D,121,D,32304,T,01,D,10131,D
20221,04742344,39,0,5,01,D,100,D,1,D,0.0479,D,107,D,493,D,01,D,8941,D
20221,04743074,55,0,5,01,D,100,D,2,D,0.0479,D,,A,,A,01,D,0,D
20221,04745594,43,0,5,01,D,100,D,1,D,0.0479,D,479,D,121,D,01,D,40000,D
20221,04745944,33,0,5,01,D,100,D,2,D,0.0479,D,,A,,A,01,D,0,D
20221,04746284,24,0,5,01,D,100,D,2,D,0.0479,D,,A,,A,01,D,276100,T
20221,04746904,17,0,5,01,D,100,D,1,D,0.0479,D,144,D,606,D,01,D,12000,D
20221,04748514,30,0,5,01,D,100,D,1,D,0.0479,D,289,D,1661,D,01,D,24100,D
20221,04751014,27,0,5,01,D,100,D,2,D,0.0479,D,,A,,A,01,D,35000,D
20221,04751224,27,0,5,01,D,100,D,1,D,0.0479,D,72,D,1926,D,01,D,6000,D
20221,04752964,22,0,5,01,D,100,D,1,D,0.0479,D,228,D,1272,D,01,D,19000,D
20221,04753104,22,0,5,01,D,100,D,1,D,0.0479,D,79,D,116,D,01,D,6594,D
20221,04753504,17,0,5,01,D,100,D,1,D,0.0479,D,419,D,-329,D,01,D,35000,D
20221,04753964,14,0,5,01,D,100,D,1,D,0.0479,D,1172,D,139,D,01,D,97900,D
20221,04756384,30,0,5,01,D,100,D,2,D,0.0479,D,,A,,A,01,D,0,D
20221,04757174,25,0,5,01,D,100,D,2,D,0.0479,D,,A,,A,01,D,276100,T
20221,04757734,30,0,5,01,D,100,D,1,D,0.0479,D,95,D,205,D,01,D,7900,D
20221,04758854,12,0,5,01,D,100,D,2,D,0.0479,D,,A,,A,01,D,33000,D
20221,04759184,21,0,5,01,D,100,D,1,D,0.0479,D,1186,D,4814,D,01,D,99000,D
20221,04761954,24,0,5,01,D,100,D,1,D,0.0479,D,263,D,742,D,01,D,22000,D
20221,04762794,43,0,5,01,D,100,D,1,D,0.0479,D,120,D,1896,D,01,D,10000,D
20221,04765294,35,0,5,01,D,100,D,2,D,0.0479,D,,A,,A,01,D,0,D
20221,04766234,29,0,5,01,D,100,D,2,D,0.0479,D,,A,,A,01,D,35000,D
20221,04766414,75,0,5,01,D,100,D,2,D,0.0479,D,,A,,A,02,D,12700,D
20221,04766414,76,0,5,01,D,100,D,1,D,0.0479,D,132,D,1868,D,01,D,11000,D
20221,04767484,23,0,5,01,D,100,D,1,D,0.0479,D,195,D,315,D,01,D,16300,D
20221,04817713,19,0,5,01,D,100,D,1,D,0.0479,D,1688,D,2349,D,01,D,141000,D
20221,04818113,19,0,5,01,D,100,D,1,D,0.0479,D,503,D,2497,D,01,D,42000,D
20221,04818973,23,0,5,01,D,100,D,1,D,0.0479,D,22,D,578,D,01,D,1800,D
20221,04819293,37,0,1,01,D,100,D,2,D,0.0479,D,,A,,A,01,D,70000,D
20221,04819903,19,0,5,01,D,100,D,1,D,0.0479,D,4371,F,-1127,V,01,D,276100,V
20221,04820363,52,0,5,01,D,100,D,1,D,0.0479,D,282,D,1281,D,01,D,23512,D
20221,04820883,20,0,5,01,D,100,D,1,D,0.0479,D,60,D,840,D,01,D,5000,D
20221,04821563,9,0,5,01,D,100,D,2,D,0.0479,D,,A,,A,01,D,60000,D
20221,04822993,22,0,5,01,D,100,D,2,D,0.0479,D,129,F,3021,F,01,D,10785,F
20221,04823093,27,0,5,01,D,100,D,1,D,0.0479,D,2407,D,-1127,T,01,D,276100,T
20221,04823183,9,0,5,01,D,100,D,2,D,0.0479,D,10,F,790,F,01,D,800,F
20221,04823673,18,0,5,01,D,100,D,1,D,0.0479,D,527,D,473,D,01,D,44000,D
20221,04824003,25,0,5,01,D,100,D,1,D,0.0479,D,144,D,1467,D,01,D,12000,D
20221,04825793,29,0,5,01,D,100,D,1,D,0.0479,D,7065,D,2235,D,01,D,276100,T
20221,04825873,24,0,5,01,D,100,D,2,D,0.0479,D,,A,,A,01,D,0,D
20221,04826493,42,0,5,01,D,100,D,2,D,0.0479,D,,A,,A,01,D,0,D
20221,04828573,39,0,5,01,D,100,D,2,D,0.0479,D,,A,,A,01,D,0,D
20221,04829103,33,0,5,01,D,100,D,1,D,0.0479,D,228,D,624,D,01,D,19000,D
20221,04832183,31,0,5,01,D,100,D,2,D,0.0479,D,,A,,A,01,D,30000,D
20221,04832353,37,0,5,01,D,100,D,1,D,0.0479,D,48,D,2072,D,01,D,4000,D
20221,04833243,27,0,5,01,D,100,D,1,D,0.0479,D,503,D,643,D,01,D,42000,D
20221,04835103,20,0,5,01,D,100,D,1,D,0.0479,D,53,F,547,F,01,D,4400,F
20221,04836043,39,0,5,01,D,100,D,1,D,0.0479,D,62,D,313,D,01,D,5200,D
20221,04838863,10,0,5,01,D,300,D,1,D,0.0479,D,410,D,,T,01,D,,T
20221,04839673,23,0,1,01,D,100,D,1,D,0.0479,D,174,D,276,D,01,D,14500,D
20221,04840633,37,0,5,01,D,100,D,2,D,0.0479,D,,A,,A,01,D,0,D
20221,04840963,24,0,5,01,D,100,D,1,D,0.0479,D,946,D,-55,D,01,D,79000,D
20221,04841413,25,0,1,01,D,100,D,1,D,0.0479,D,970,D,530,D,01,D,81000,D
20221,04841613,44,0,5,01,D,100,D,1,D,0.0479,D,2,D,4,D,01,D,200,D
20221,04842483,28,0,5,01,D,100,D,1,D,0.0479,D,180,D,1020,D,01,D,15000,D
20221,04842873,39,0,5,01,D,100,D,1,D,0.0479,D,225,D,1425,D,01,D,18800,D
20221,04843103,17,0,5,01,D,100,D,1,D,0.0479,D,479,D,-83,D,01,D,40000,D
20221,04843353,23,0,5,01,D,100,D,1,D,0.0479,D,838,D,1762,D,01,D,70000,D
20221,04845113,44,0,5,01,D,100,D,2,D,0.0479,D,,A,,A,01,D,4000,D
20221,04846033,17,0,5,01,D,100,D,2,D,0.0479,D,,A,,A,01,D,37000,D
20221,04846203,18,0,5,01,D,100,D,1,D,0.0479,D,132,D,1614,D,01,D,11000,D
20221,04846273,33,0,5,01,D,100,D,2,D,0.0479,D,,A,,A,01,D,121000,D
20221,04846393,15,0,5,01,D,100,D,2,D,0.0479,D,,A,,A,01,D,75000,D
20221,04848623,37,0,5,01,D,100,D,1,D,0.0479,D,838,D,62,D,01,D,70000,D
20221,04848623,38,0,5,01,D,100,D,1,D,0.0479,D,958,D,-58,D,02,D,80000,D
20221,04848623,39,0,5,01,D,100,D,1,D,0.0479,D,838,D,137,D,03,D,70000,D
20221,04849723,26,0,5,01,D,100,D,1,D,0.0479,D,376,D,341,D,01,D,31405,D
20221,04897032,42,0,5,01,D,100,D,1,D,0.0479,D,599,F,151,F,01,D,50000,F
20221,04897762,25,0,5,01,D,100,D,1,D,0.0479,D,335,D,496,D,01,D,28000,D
20221,04898762,31,0,5,01,D,100,D,1,D,0.0479,D,328,D,32304,T,01,D,27415,D
20221,04899032,36,0,5,01,D,100,D,1,D,0.0479,D,838,D,3662,D,01,D,70000,D
20221,04899072,41,0,5,01,D,100,D,1,D,0.0479,D,651,D,849,D,01,D,54400,D
20221,04899422,20,0,5,01,D,100,D,1,D,0.0479,D,695,D,505,D,01,D,58000,D
20221,04900752,22,0,5,01,D,100,D,1,D,0.0479,D,120,F,180,F,01,D,10000,F
20221,04900942,9,0,1,01,D,100,D,1,D,0.0479,D,4371,D,-1127,T,01,D,276100,T
20221,04901322,19,0,1,01,D,100,D,1,D,0.0479,D,108,D,192,D,01,D,9000,D
20221,04902942,17,0,1,01,D,100,D,2,D,0.0479,D,,A,,A,01,D,5000,D
20221,04903072,36,0,5,01,D,100,D,1,D,0.0479,D,20,D,1680,D,01,D,1700,D
20221,04904682,18,0,5,01,D,100,D,1,D,0.0479,D,347,D,553,D,01,D,29000,D
20221,04904712,38,0,5,01,D,100,D,1,D,0.0479,D,204,F,996,F,01,D,17000,F
20221,04906312,26,0,5,01,D,100,D,1,D,0.0479,D,312,D,1392,D,01,D,26035,D
20221,04909962,34,0,5,01,D,100,D,1,D,0.0479,D,467,D,533,D,01,D,39000,D
20221,04910592,32,0,5,01,D,100,D,1,D,0.0479,D,790,D,920,D,01,D,66000,D
20221,04911312,26,0,5,01,D,100,D,1,D,0.0479,D,342,D,32304,T,01,D,28596,D
20221,04912452,14,0,5,01,D,100,D,1,D,0.0479,D,1796,D,1204,D,01,D,150000,D
20221,04912602,25,0,5,01,D,100,D,1,D,0.0479,D,623,D,5377,D,01,D,52000,D
20221,04912662,28,0,5,01,D,100,D,2,D,0.0479,D,,A,,A,01,D,0,D
20221,04914032,15,0,5,01,D,100,D,1,D,0.0479,D,84,D,-69,D,01,D,7000,D
20221,04914652,26,0,5,01,D,100,D,1,D,0.0479,D,3,D,247,D,01,D,250,D
20221,04914652,27,0,5,02,D,400,D,1,D,0.0479,D,12,D,,T,01,D,,T
20221,04914812,17,0,5,01,D,100,D,1,D,0.0479,D,214,F,335,F,01,D,17900,F
20221,04916262,16,0,5,01,D,100,D,1,D,0.0479,D,455,D,1045,D,01,D,38000,D
20221,04916862,22,0,5,01,D,100,D,1,D,0.0479,D,47,D,592,D,01,D,3900,D
20221,04917532,16,0,5,01,D,100,D,1,D,0.0479,D,347,D,553,D,01,D,29000,D
20221,04918402,21,0,5,01,D,100,D,1,D,0.0479,D,1078,F,32304,V,01,D,90000,F
20221,04918742,19,0,1,01,D,100,D,1,D,0.0479,D,539,D,211,D,01,D,45000,D
20221,04919522,16,0,5,01,D,100,D,1,D,0.0479,D,240,D,300,D,01,D,20000,D
20221,04919862,16,0,1,01,D,100,D,1,D,0.0479,D,599,D,301,D,01,D,50000,D
20221,04920642,22,0,5,01,D,100,D,2,D,0.0479,D,,A,,A,01,D,0,D
20221,04920662,24,0,5,01,D,100,D,1,D,0.0479,D,1123,D,1877,D,01,D,93810,D
20221,04920832,34,0,5,01,D,100,D,1,D,0.0479,D,599,D,151,D,01,D,50000,D
20221,04921292,23,0,5,01,D,100,D,1,D,0.0479,D,299,D,-89,D,01,D,25000,D
20221,04922702,20,0,5,01,D,100,D,1,D,0.0479,D,129,D,3021,D,01,D,10785,D
20221,04922902,34,0,5,01,D,100,D,2,D,0.0479,D,,A,,A,01,D,0,D
20221,04923002,33,0,5,01,D,100,D,1,D,0.0479,D,707,D,493,D,01,D,59000,D
20221,04923412,40,0,5,01,D,100,D,1,D,0.0479,D,204,D,996,D,01,D,17000,D
20221,04924382,18,0,5,01,D,100,D,1,D,0.0479,D,267,D,24,D,01,D,22300,D
20221,04925132,23,0,5,01,D,100,D,1,D,0.0479,D,1820,D,32304,T,01,D,276100,T
20221,04928032,27,0,5,01,D,100,D,2,D,0.0479,D,,A,,A,01,D,0,D
20221,04929122,41,0,5,01,D,100,D,2,D,0.0479,D,,A,,A,01,D,0,D
20221,04931831,14,0,1,01,D,100,D,2,D,0.0479,D,,A,,A,01,D,0,D
20221,04931931,23,0,1,01,D,100,D,1,D,0.0479,D,922,D,2318,D,01,D,77000,D
20221,04932051,20,0,1,01,D,100,D,1,D,0.0479,D,2,F,4,F,01,D,200,F
20221,04933891,23,0,1,01,D,100,D,2,D,0.0479,D,,A,,A,01,D,50000,D
20221,04933931,16,0,1,01,D,100,D,2,D,0.0479,D,,A,,A,01,D,5278,D
20221,04935211,13,0,1,01,D,100,D,1,D,0.0479,D,117,D,283,D,01,D,9800,D
20221,04935511,14,0,1,01,D,100,D,1,D,0.0479,D,30,D,1020,D,01,D,2500,D
20221,04936691,38,0,1,01,D,100,D,1,D,0.0479,D,174,D,282,D,01,D,14500,D
20221,04938221,21,0,1,01,D,100,D,1,D,0.0479,D,263,F,742,F,01,D,22000,F
20221,04939251,13,0,1,01,D,100,D,1,D,0.0479,D,1078,D,32304,T,01,D,90000,D
20221,04939931,28,0,1,01,D,100,D,1,D,0.0479,D,240,D,32304,T,01,D,20000,D
20221,04939931,29,0,1,02,D,200,D,2,D,0.0479,D,,A,,A,01,D,0,D
20221,04940191,10,0,1,01,D,100,D,1,D,0.0479,D,421,F,929,F,01,D,35138,F
20221,04941161,23,0,1,01,D,100,D,1,D,0.0479,D,13,D,1787,D,01,D,1100,D
20221,04941811,11,0,1,01,D,100,D,1,D,0.0479,D,1114,D,1286,D,01,D,93000,D
20221,04942101,15,0,1,01,D,100,D,1,D,0.0479,D,1688,F,2349,F,01,D,141000,F
20221,04942491,9,0,1,01,D,100,D,1,D,0.0479,D,539,D,151,D,01,D,45000,D
20221,04942561,21,0,1,01,D,100,D,2,D,0.0479,D,,A,,A,01,D,0,D
20221,04943021,13,0,1,01,D,100,D,1,D,0.0479,D,17,D,430,D,01,D,1400,D
20221,04945341,16,0,1,01,D,100,D,1,D,0.0479,D,1174,D,1160,D,01,D,98000,D
20221,04947091,24,0,1,01,D,100,D,1,D,0.0479,D,2,D,198,D,01,D,200,D
20221,04948801,8,0,1,01,D,100,D,1,D,0.0479,D,1174,D,-1127,T,01,D,98000,D
20221,04948891,24,0,1,01,D,100,D,2,D,0.0479,D,,A,,A,01,D,0,D
20221,04948961,18,0,1,01,D,100,D,1,D,0.0479,D,515,D,1585,D,01,D,43000,D
20221,04949371,20,0,1,01,D,100,D,1,D,0.0479,D,719,D,-29,D,01,D,60000,D
20221,04951281,20,0,1,01,D,100,D,1,D,0.0479,D,10,D,790,D,01,D,800,D
20221,04951731,10,0,1,01,D,100,D,1,D,0.0479,D,251,D,1249,D,01,D,21000,D
20221,04952151,13,0,1,01,D,100,D,1,D,0.0479,D,120,D,180,D,01,D,10000,D
20221,04953801,14,0,1,01,D,100,D,1,D,0.0479,D,216,D,624,D,01,D,18000,D
20221,04954711,14,0,1,01,D,100,D,1,D,0.0479,D,539,D,-1127,T,01,D,45000,D
20221,04956221,27,0,1,01,D,100,D,1,D,0.0479,D,575,D,-2,D,01,D,48000,D
20221,04957041,27,0,1,01,D,100,D,1,D,0.0479,D,299,D,-49,D,01,D,25000,D
20221,04959391,19,0,1,01,D,100,D,2,D,0.0479,D,120,F,1896,F,01,D,10000,F
20221,04959811,25,0,1,01,D,100,D,2,D,0.0479,D,539,F,211,F,01,D,45000,F
20221,04959961,9,0,1,01,D,100,D,2,D,0.0479,D,1138,F,212,F,01,D,95000,F
20221,04960171,14,0,1,01,D,100,D,2,D,0.0479,D,,A,,A,01,D,50000,D
20221,04960351,16,0,1,01,D,100,D,1,D,0.0479,D,690,D,-1127,T,01,D,57600,D
20221,04960401,53,0,1,01,D,100,D,2,D,0.0479,D,,A,,A,01,D,0,D
20221,04961041,17,0,1,01,D,100,D,1,D,0.0479,D,48,D,952,D,01,D,4000,D
20221,04961661,15,0,1,01,D,100,D,1,D,0.0479,D,53,D,547,D,01,D,4400,D
20221,04962231,27,0,1,01,D,100,D,1,D,0.0479,D,1123,F,1877,F,01,D,93810,F
20221,04962901,8,0,1,01,D,100,D,1,D,0.0479,D,2994,D,1506,D,01,D,276100,T
20221,04963841,22,0,1,01,D,100,D,1,D,0.0479,D,1772,D,478,D,01,D,148000,D
20221,04964691,10,0,1,01,D,100,D,1,D,0.0479,D,60,D,390,D,01,D,5000,D
20221,04964821,25,0,1,01,D,100,D,1,D,0.0479,D,1138,D,212,D,01,D,95000,D
