QYEAR,NEWID,SEQNO,ALCNO,REC_ORIG,RENTCODE,RENT_ODE,BSNSPCTZ,BSNS_CTZ,QADRENTX,QADR_NTX,ANYVACAT,ANYV_CAT
20212,04421674,30,0,1,105,D,,A,200,D,1,D
20212,04421674,31,0,1,150,D,,A,80,D,2,D
20212,04422444,20,0,1,105,D,,A,300,D,1,D
20212,04428684,28,0,1,105,D,,A,50,D,2,D
20212,04428834,24,0,1,105,D,,A,275,D,1,D
20212,04430614,11,0,1,105,D,,A,100,D,2,D
20212,04430654,31,0,1,105,D,,A,350,D,1,D
20212,04461854,23,0,1,135,D,,A,1400,D,1,D
20212,04462964,33,0,1,105,D,,A,400,D,1,D
20212,04464564,40,0,1,105,D,,A,230,D,1,D
20212,04467514,17,0,1,105,D,,A,259,D,1,D
20212,04467554,37,0,1,160,D,,A,990,D,2,D
20212,04503714,32,0,1,105,D,,A,100,D,1,D
20212,04503974,24,0,1,105,D,,A,100,D,2,D
20212,04504564,25,0,1,105,D,,A,100,D,1,D
20212,04505324,38,0,1,105,D,,A,400,D,2,D
20212,04505334,24,0,1,105,D,,A,389,D,1,D
20212,04505464,57,0,1,105,D,,A,85,D,2,D
20212,04505694,35,0,1,105,D,,A,180,D,1,D
20212,04505694,36,0,1,105,D,,A,60,D,1,D
20212,04505694,37,0,1,105,D,,A,120,D,1,D
20212,04505694,38,0,1,105,D,,A,88,D,2,D
20212,04506524,24,0,1,105,D,,A,148,D,2,D
20212,04506694,47,0,1,105,D,,A,75,D,2,D
20212,04507384,56,0,1,105,D,,A,347,D,1,D
20212,04507594,24,0,1,105,D,,A,1000,D,1,D
20212,04508574,15,0,1,160,D,,A,645,D,1,D
20212,04508684,20,0,1,105,D,,A,400,D,1,D
20212,04508724,44,0,1,105,D,,A,480,D,1,D
20212,04509254,23,0,1,105,D,,A,510,D,1,D
20212,04510704,18,0,1,105,D,,A,100,D,2,D
20212,04510704,19,0,1,105,D,,A,100,D,2,D
20212,04514164,68,0,1,105,D,,A,300,D,1,D
20212,04545903,23,0,1,105,D,1.0,D,0,D,1,D
20212,04546793,47,0,1,105,D,,A,461,D,1,D
20212,04547683,22,0,1,105,D,,A,1,D,2,D
20212,04548163,34,0,1,105,D,,A,750,D,1,D
20212,04548883,34,0,1,105,D,,A,300,D,1,D
20212,04549923,26,0,1,105,D,,A,3500,D,1,D
20212,04551023,12,0,1,105,D,,A,234,D,2,D
20212,04551173,32,0,1,105,D,,A,200,D,1,D
20212,04552453,30,0,1,105,D,,A,120,D,2,D
20212,04556283,49,0,1,105,D,,A,135,D,2,D
20212,04556813,12,0,1,105,D,,A,936,D,2,D
20212,04556913,23,0,1,105,D,,A,322,D,1,D
20212,04556973,21,0,1,105,D,,A,320,D,2,D
20212,04557013,36,0,1,105,D,,A,300,D,2,D
20212,04557063,25,0,1,105,D,,A,75,D,2,D
20212,04557403,34,0,1,105,D,,A,380,D,1,D
20212,04558673,26,0,1,105,D,,A,525,D,1,D
20212,04559003,13,0,1,105,D,,A,400,D,2,D
20212,04559093,39,0,1,105,D,,A,360,D,1,D
20212,04561323,23,0,1,105,D,,A,420,F,1,D
20212,04562013,22,0,1,105,D,,A,565,D,1,D
20212,04563543,34,0,1,105,D,,A,500,D,1,D
20212,04564613,29,0,1,105,D,,A,325,D,1,D
20212,04564613,30,0,1,105,D,,A,325,D,1,D
20212,04566293,31,0,1,105,D,,A,473,D,1,D
20212,04567063,17,0,1,105,D,,A,265,D,1,D
20212,04569173,30,0,1,105,D,,A,150,D,1,D
20212,04569343,19,0,1,160,D,,A,27,D,1,D
20212,04570403,20,0,1,170,D,,A,40,D,2,D
20212,04571493,55,0,1,105,D,,A,400,D,1,D
20212,04572493,46,0,1,105,D,,A,1378,D,2,D
20212,04574433,28,0,1,105,D,,A,494,D,1,D
20212,04574803,59,0,1,105,D,,A,1700,D,1,D
20212,04575913,29,0,1,105,D,,A,456,D,1,D
20212,04609852,22,0,1,105,D,,A,700,D,1,D
20212,04610312,28,0,1,105,D,,A,420,F,1,D
20212,04611172,22,0,1,180,D,,A,100,D,2,D
20212,04611792,28,0,1,105,D,,A,470,D,2,D
20212,04611982,17,0,1,105,D,,A,350,D,1,D
20212,04611982,18,0,1,105,D,,A,150,D,1,D
20212,04613312,29,0,1,105,D,,A,279,D,1,D
20212,04614582,24,0,1,105,D,1.0,D,0,D,2,D
20212,04616432,10,0,1,105,D,,A,945,D,1,D
20212,04617032,45,0,1,105,D,,A,1654,D,1,D
20212,04617172,24,0,1,105,D,,A,410,D,1,D
20212,04617362,22,0,1,105,D,,A,100,D,2,D
20212,04617822,10,0,1,105,D,,A,60,D,2,D
20212,04618402,43,0,1,105,D,,A,358,D,1,D
20212,04618742,37,0,1,105,D,,A,205,D,1,D
20212,04619142,17,0,1,105,D,,A,389,D,1,D
20212,04652152,52,0,1,105,D,,A,645,D,1,D
20212,04652712,39,0,1,105,D,,A,395,F,1,D
20212,04654372,41,0,1,105,D,,A,400,D,1,D
20212,04655142,26,0,1,105,D,,A,500,D,1,D
20212,04658342,19,0,1,105,D,,A,200,D,2,D
20212,04659032,21,0,1,105,D,,A,150,D,1,D
20212,04659042,18,0,1,200,D,,A,75,D,2,D
20212,04659232,24,0,1,105,D,,A,800,D,1,D
20212,04659752,20,0,1,105,D,,A,475,D,1,D
20212,04660702,32,0,1,105,D,,A,1200,D,1,D
20212,04660842,18,0,1,105,D,,A,21,D,2,D
20212,04661702,11,0,1,105,D,,A,400,D,1,D
20212,04661922,21,0,1,105,D,,A,300,D,1,D
20212,04662742,35,0,1,105,D,,A,380,D,1,D
20212,04680402,29,0,1,105,D,,A,275,D,1,D
20212,04682462,19,0,1,105,D,,A,130,D,1,D
20212,04682802,17,0,1,105,D,,A,292,D,1,D
20212,04683242,31,0,1,105,D,,A,130,D,2,D
20212,04685142,36,0,1,105,D,,A,246,D,1,D
20212,04685862,23,0,1,105,D,,A,223,D,1,D
20212,04686672,5,0,1,105,D,,A,650,D,1,D
20212,04687522,34,0,1,105,D,,A,50,D,1,D
20212,04688032,37,0,1,105,D,,A,211,D,1,D
20212,04688242,56,0,1,105,D,,A,275,D,1,D
20212,04689052,23,0,1,170,D,,A,30,D,1,D
20212,04689972,500,0,1,105,D,,A,70,D,2,D
20212,04735701,32,0,1,105,D,,A,125,D,2,D
20212,04735971,21,0,1,105,D,,A,700,D,1,D
20212,04736281,11,0,1,105,D,,A,395,F,1,D
20212,04736861,20,0,1,105,D,,A,84,D,1,D
20212,04736991,35,0,1,105,D,,A,350,D,1,D
20212,04737131,30,0,1,105,D,,A,780,D,1,D
20212,04739851,28,0,1,105,D,,A,216,D,1,D
20212,04740583,16,0,1,105,D,,A,300,D,1,D
20212,04740811,42,0,1,180,D,,A,30,D,2,D
20212,04741001,45,0,1,105,D,,A,900,D,1,D
20212,04742071,14,0,1,105,D,,A,450,D,1,D
20212,04742341,40,0,1,105,D,,A,600,D,1,D
20212,04743041,20,0,1,105,D,,A,430,D,1,D
20212,04744101,26,0,1,105,D,,A,1500,D,1,D
20212,04744581,28,0,1,105,D,,A,200,D,1,D
20212,04744731,15,0,1,105,D,,A,250,D,1,D
20212,04746711,27,0,1,105,D,,A,1500,D,1,D
20212,04747351,43,0,1,105,D,,A,215,D,1,D
20212,04747721,26,0,1,105,D,,A,500,D,1,D
20212,04750561,39,0,1,160,D,,A,150,D,1,D
20212,04750711,24,0,1,105,D,,A,250,D,1,D
20212,04751731,26,0,1,105,D,,A,1000,D,1,D
20212,04751851,9,0,1,105,D,,A,200,D,2,D
20212,04752611,23,0,1,105,D,,A,447,F,1,D
20212,04754351,20,0,1,105,D,,A,300,D,1,D
20212,04754511,57,0,1,170,D,,A,80,D,1,D
20212,04755181,13,0,1,105,D,,A,210,D,1,D
20212,04757841,20,0,1,105,D,,A,309,D,1,D
20212,04757841,21,0,1,105,D,,A,252,D,1,D
20212,04759191,17,0,1,105,D,,A,395,F,1,D
20212,04760191,21,0,1,120,D,,A,5000,D,1,D
20212,04760231,24,0,1,105,D,,A,250,D,1,D
20212,04760281,12,0,1,105,D,,A,489,D,1,D
20212,04760381,16,0,1,105,D,,A,3900,D,2,D
20212,04762491,11,0,1,105,D,,A,200,D,1,D
20212,04762731,41,0,1,150,D,,A,60,D,2,D
20212,04764431,28,0,1,105,D,,A,498,D,2,D
20212,04765271,27,0,1,105,D,,A,300,D,2,D
20212,04765311,16,0,1,105,D,,A,400,D,1,D
20212,04766161,24,0,1,105,D,,A,400,D,2,D
20212,04767171,16,0,1,105,D,,A,556,D,1,D
20212,04767751,18,0,1,105,D,,A,395,F,2,D
20212,04768261,27,0,1,105,D,,A,624,D,2,D
20212,04768761,13,0,1,105,D,,A,450,D,1,D
20212,04768961,22,0,1,105,D,,A,237,D,1,D
20213,04544674,34,0,1,105,D,,A,140,D,1,D
20213,04544774,31,0,1,105,D,,A,2300,D,1,D
20213,04545184,41,0,1,105,D,,A,280,D,2,D
20213,04545904,25,0,1,105,D,.50,D,240,D,1,D
20213,04546134,30,0,1,105,D,,A,690,D,2,D
20213,04547354,28,0,1,105,D,,A,450,D,1,D
20213,04547744,41,0,1,105,D,,A,1000,D,1,D
20213,04548884,32,0,1,105,D,,A,657,D,1,D
20213,04550414,18,0,1,105,D,,A,500,D,1,D
20213,04551334,36,0,1,105,D,,A,289,F,2,D
20213,04552914,24,0,1,105,D,,A,500,D,2,D
20213,04553044,58,0,1,105,D,,A,250,D,2,D
20213,04553764,19,0,1,105,D,,A,1500,D,2,D
20213,04557194,6,0,1,105,D,,A,400,D,2,D
20213,04557374,28,0,1,105,D,,A,155,D,1,D
20213,04558094,36,0,1,105,D,,A,180,D,1,D
20213,04558844,13,0,1,105,D,,A,300,D,2,D
20213,04563644,21,0,1,105,D,,A,112,D,2,D
20213,04565694,13,0,1,105,D,,A,493,F,2,D
20213,04568524,29,0,1,105,D,,A,200,D,1,D
20213,04569034,14,0,1,105,D,,A,442,D,2,D
20213,04569174,35,0,1,105,D,,A,45,D,2,D
20213,04571764,30,0,1,160,D,,A,350,D,1,D
20213,04571834,31,0,1,105,D,,A,113,D,2,D
20213,04572684,25,0,1,105,D,,A,107,D,2,D
20213,04573114,9,0,1,105,D,,A,236,D,2,D
20213,04573624,22,0,1,180,D,,A,230,D,1,D
20213,04574624,34,0,1,105,D,,A,215,D,1,D
20213,04574804,61,0,1,105,D,,A,500,D,1,D
20213,04576404,38,0,1,200,D,,A,350,D,1,D
20213,04577454,29,0,1,105,D,,A,1000,D,1,D
20213,04579384,45,0,1,105,D,,A,843,D,1,D
20213,04611473,15,0,1,105,D,,A,40,D,2,D
20213,04611983,23,0,1,160,D,,A,1500,D,1,D
20213,04612703,51,0,1,105,D,,A,270,D,2,D
20213,04615933,41,0,1,200,D,,A,1500,D,1,D
20213,04616773,21,0,1,105,D,,A,300,D,2,D
20213,04617173,29,0,1,105,D,,A,657,D,1,D
20213,04617173,30,0,1,105,D,,A,1097,D,1,D
20213,04618743,39,0,1,105,D,,A,110,D,1,D
20213,04618893,26,0,1,105,D,,A,495,D,1,D
20213,04618933,14,0,1,105,D,,A,565,D,1,D
20213,04620113,31,0,1,105,D,,A,625,D,1,D
20213,04620773,19,0,1,105,D,,A,600,D,1,D
20213,04620913,60,0,1,160,D,,A,120,D,1,D
20213,04621013,17,0,1,105,D,,A,347,D,1,D
20213,04652433,41,0,1,105,D,,A,400,D,1,D
20213,04652643,45,0,1,105,D,,A,873,D,1,D
20213,04653043,31,0,1,105,D,,A,100,D,2,D
20213,04653273,18,0,1,105,D,,A,500,D,1,D
20213,04653433,37,0,1,105,D,,A,1500,D,1,D
20213,04653543,35,0,1,105,D,,A,120,D,1,D
20213,04653613,16,0,1,105,D,,A,200,D,1,D
20213,04655143,29,0,1,105,D,,A,300,D,1,D
20213,04655713,26,0,1,105,D,,A,800,D,1,D
20213,04655973,11,0,1,105,D,,A,700,D,1,D
20213,04657093,13,0,1,105,D,,A,75,D,2,D
20213,04657123,18,0,1,105,D,,A,250,D,1,D
20213,04657313,18,0,1,105,D,,A,215,D,2,D
20213,04658193,49,0,1,105,D,,A,320,D,1,D
20213,04658193,50,0,1,105,D,,A,270,D,1,D
20213,04659003,53,0,1,105,D,,A,480,D,1,D
20213,04659003,54,0,1,105,D,,A,366,D,1,D
20213,04660413,48,0,1,105,D,,A,200,D,1,D
20213,04660433,22,0,1,105,D,,A,100,D,2,D
20213,04660843,22,0,1,105,D,,A,593,D,2,D
20213,04660883,25,0,1,105,D,,A,200,D,2,D
20213,04661923,25,0,1,105,D,,A,250,D,1,D
20213,04661923,26,0,1,105,D,,A,250,D,1,D
20213,04661923,27,0,1,105,D,,A,250,D,1,D
20213,04662743,40,0,1,105,D,,A,1250,D,1,D
20213,04679813,24,0,1,105,D,,A,110,D,1,D
20213,04681684,16,0,1,105,D,,A,495,D,1,D
20213,04681684,17,0,1,105,D,,A,495,D,1,D
20213,04682803,15,0,1,105,D,,A,200,D,1,D
20213,04684333,26,0,1,105,D,,A,200,D,2,D
20213,04685593,23,0,1,105,D,,A,1500,D,2,D
20213,04685863,20,0,1,105,D,,A,310,D,1,D
20213,04686673,12,0,1,105,D,,A,850,D,2,D
20213,04686833,23,0,1,105,D,,A,112,D,1,D
20213,04688033,37,0,1,105,D,,A,212,D,1,D
20213,04689893,46,0,1,105,D,,A,165,D,1,D
20213,04690113,31,0,1,105,D,,A,647,D,1,D
20213,04690113,32,0,1,105,D,,A,435,D,1,D
20213,04735892,31,0,1,105,D,,A,1200,D,1,D
20213,04736862,34,0,1,105,D,,A,84,D,1,D
20213,04737302,38,0,1,105,D,,A,270,D,1,D
20213,04737572,23,0,1,105,D,,A,770,D,1,D
20213,04737642,2,0,1,200,D,,A,233,D,2,D
20213,04737692,26,0,1,105,D,,A,395,D,1,D
20213,04739462,28,0,1,105,D,,A,2000,D,2,D
20213,04739852,34,0,1,105,D,,A,315,D,1,D
20213,04740722,24,0,1,105,D,,A,200,D,1,D
20213,04740812,46,0,1,105,D,,A,25,D,2,D
20213,04741002,50,0,1,105,D,,A,1481,D,1,D
20213,04741002,51,0,1,105,D,,A,1200,D,1,D
20213,04741002,52,0,1,105,D,,A,4000,D,1,D
20213,04741022,50,0,1,105,D,,A,1156,D,1,D
20213,04744552,18,0,1,105,D,,A,100,D,1,D
20213,04744802,38,0,1,200,D,,A,100,D,2,D
20213,04746812,18,0,1,105,D,,A,607,F,1,D
20213,04747352,62,0,1,105,D,,A,120,D,1,D
20213,04747952,20,0,1,105,D,,A,250,D,2,D
20213,04748022,11,0,1,105,D,,A,200,D,2,D
20213,04748092,28,0,1,105,D,,A,80,D,1,D
20213,04748432,30,0,1,105,D,,A,365,D,2,D
20213,04749482,34,0,1,105,D,,A,1000,D,1,D
20213,04749692,21,0,1,105,D,,A,240,D,1,D
20213,04750192,23,0,1,105,D,,A,500,D,1,D
20213,04750252,30,0,1,105,D,,A,70,D,2,D
20213,04750482,22,0,1,105,D,,A,170,D,2,D
20213,04751482,29,0,1,105,D,,A,550,D,1,D
20213,04751732,22,0,1,105,D,,A,250,D,1,D
20213,04751792,25,0,1,105,D,,A,1100,D,1,D
20213,04751852,10,0,1,105,D,,A,300,D,1,D
20213,04752844,17,0,1,105,D,,A,450,D,1,D
20213,04754392,29,0,1,105,D,,A,289,F,1,D
20213,04754512,57,0,1,105,D,.10,D,491,D,1,D
20213,04756542,14,0,1,105,D,,A,280,D,1,D
20213,04757192,32,0,1,105,D,,A,1375,D,1,D
20213,04757842,15,0,1,105,D,,A,336,D,1,D
20213,04760282,15,0,1,105,D,,A,1000,D,1,D
20213,04760762,18,0,1,105,D,,A,375,D,1,D
20213,04761792,21,0,1,105,D,,A,700,D,1,D
20213,04762492,14,0,1,105,D,,A,360,D,1,D
20213,04762832,31,0,1,105,D,,A,300,D,1,D
20213,04763342,5,0,1,105,D,,A,350,D,1,D
20213,04763872,13,0,1,105,D,,A,290,F,1,D
20213,04763952,41,0,1,105,D,,A,321,D,2,D
20213,04763962,23,0,1,105,D,,A,289,F,2,D
20213,04765232,25,0,1,105,D,,A,600,D,1,D
20213,04766672,48,0,1,105,D,,A,450,D,1,D
20213,04766752,25,0,1,105,D,,A,178,D,1,D
20213,04767112,65,0,1,105,D,,A,91,D,2,D
20213,04767892,30,0,1,105,D,,A,1400,D,1,D
20213,04768884,27,0,1,105,D,,A,670,D,1,D
20213,04768962,28,0,1,105,D,,A,645,D,2,D
20213,04769482,23,0,1,105,D,,A,600,D,1,D
20213,04769652,20,0,1,105,D,,A,260,D,1,D
20213,04769652,21,0,1,105,D,,A,300,D,1,D
20213,04769652,22,0,1,105,D,,A,167,D,1,D
20213,04769722,29,0,1,105,D,,A,600,D,1,D
20213,04816501,24,0,1,105,D,,A,800,D,1,D
20213,04818911,9,0,1,105,D,,A,135,D,2,D
20213,04819131,9,0,1,105,D,,A,500,D,1,D
20213,04819201,15,0,1,105,D,,A,906,D,2,D
20213,04819391,22,0,1,105,D,,A,900,D,1,D
20213,04819471,18,0,1,105,D,,A,290,F,2,D
20213,04819851,25,0,1,105,D,,A,448,D,1,D
20213,04820691,22,0,1,105,D,,A,1600,D,1,D
20213,04821471,19,0,1,105,D,,A,504,D,1,D
20213,04822181,20,0,1,105,D,,A,700,D,1,D
20213,04822711,13,0,1,105,D,,A,200,D,1,D
20213,04823211,13,0,1,105,D,,A,567,F,1,D
20213,04823251,4,0,1,105,D,,A,493,F,1,D
20213,04823301,19,0,1,105,D,,A,800,D,1,D
20213,04823891,41,0,1,105,D,,A,285,D,1,D
20213,04826761,18,0,1,105,D,,A,300,D,1,D
20213,04826971,10,0,1,105,D,,A,399,D,2,D
20213,04827211,21,0,1,105,D,,A,270,D,1,D
20213,04827231,51,0,1,160,D,,A,225,D,1,D
20213,04827861,15,0,1,180,D,,A,45,D,2,D
20213,04828571,34,0,1,105,D,.50,D,305,D,1,D
20213,04828681,23,0,1,105,D,,A,100,D,1,D
20213,04829051,44,0,1,105,D,,A,75,D,2,D
20213,04829051,45,0,1,170,D,,A,25,D,1,D
20213,04829161,16,0,1,105,D,,A,275,D,1,D
20213,04829521,30,0,1,105,D,,A,54,D,2,D
20213,04830623,20,0,1,105,D,,A,175,D,2,D
20213,04831642,6,0,1,105,D,,A,172,D,2,D
20213,04831681,20,0,1,105,D,,A,600,D,1,D
20213,04832811,35,0,1,105,D,,A,300,D,1,D
20213,04832951,25,0,1,160,D,,A,795,D,1,D
20213,04832981,8,0,1,105,D,,A,60,D,2,D
20213,04833241,33,0,1,105,D,,A,250,D,2,D
20213,04833721,27,0,1,105,D,,A,800,D,1,D
20213,04835671,19,0,1,105,D,,A,360,D,2,D
20213,04835991,26,0,1,105,D,,A,366,D,1,D
20213,04836221,9,0,1,105,D,,A,140,D,2,D
20213,04836542,14,0,1,105,D,,A,1100,D,1,D
20213,04836542,15,0,1,105,D,,A,95,D,1,D
20213,04836831,10,0,1,105,D,,A,50,D,2,D
20213,04837971,12,0,1,105,D,,A,900,D,1,D
20213,04838171,33,0,1,105,D,,A,300,D,1,D
20213,04838381,15,0,1,105,D,,A,200,D,1,D
20213,04838861,12,0,1,105,D,,A,400,D,1,D
20213,04838991,13,0,1,200,D,,A,4000,D,1,D
20213,04840211,21,0,1,105,D,,A,450,D,1,D
20213,04840661,17,0,1,105,D,,A,200,D,2,D
20213,04840861,35,0,1,180,D,,A,45,D,2,D
20213,04841231,19,0,1,105,D,,A,330,D,1,D
20213,04841831,33,0,1,180,D,,A,270,D,1,D
20213,04841863,21,0,1,105,D,,A,30,D,2,D
20213,04841941,25,0,1,105,D,,A,40,D,2,D
20213,04842831,12,0,1,105,D,,A,289,F,2,D
20213,04844561,19,0,1,160,D,,A,100,D,1,D
20213,04844654,20,0,1,105,D,,A,90,D,2,D
20213,04845401,26,0,1,105,D,,A,500,D,2,D
20213,04845461,19,0,1,105,D,1.0,D,0,D,2,D
20213,04845681,20,0,1,105,D,,A,500,D,2,D
20213,04847591,36,0,1,105,D,,A,400,D,1,D
20213,04847591,37,0,1,105,D,,A,600,D,1,D
20213,04847641,36,0,1,105,D,,A,450,D,2,D
20213,04848701,22,0,1,160,D,,A,350,D,2,D
20213,04849301,13,0,1,105,D,,A,725,D,1,D
20213,04849551,35,0,1,105,D,,A,1500,D,1,D
20213,04849774,30,0,1,105,D,,A,45,D,2,D
20214,04611464,18,0,1,105,D,,A,360,D,1,D
20214,04611544,66,0,1,105,D,,A,654,D,1,D
20214,04613294,49,0,1,105,D,,A,1500,D,1,D
20214,04614134,32,0,1,120,D,,A,200,D,1,D
20214,04614194,32,0,1,105,D,,A,442,D,1,D
20214,04614224,29,0,1,180,D,,A,350,D,1,D
20214,04614904,15,0,1,105,D,,A,80,D,1,D
20214,04615364,23,0,1,105,D,,A,700,D,1,D
20214,04617534,14,0,1,105,D,,A,484,D,1,D
20214,04617824,8,0,1,105,D,,A,60,D,2,D
20214,04618404,60,0,1,105,D,,A,433,D,1,D
20214,04619304,33,0,1,105,D,,A,180,D,1,D
20214,04619534,24,0,1,105,D,,A,659,D,1,D
20214,04620774,18,0,1,105,D,,A,500,D,1,D
20214,04652394,39,0,1,105,D,,A,600,D,1,D
20214,04653394,32,0,1,105,D,,A,1269,D,2,D
20214,04655754,24,0,1,105,D,,A,240,D,1,D
20214,04656984,25,0,1,105,D,,A,530,F,2,D
20214,04658194,34,0,1,160,D,,A,100,D,1,D
20214,04659004,61,0,1,105,D,,A,329,D,1,D
20214,04660434,23,0,1,105,D,,A,99,D,2,D
20214,04660844,22,0,1,105,D,,A,382,D,2,D
20214,04661214,31,0,1,105,D,,A,175,D,1,D
20214,04661584,20,0,1,105,D,,A,500,D,1,D
20214,04661584,21,0,1,105,D,,A,250,D,1,D
20214,04662964,23,0,1,105,D,,A,400,D,1,D
20214,04663344,13,0,1,105,D,,A,130,D,1,D
20214,04679304,46,0,1,105,D,,A,2400,D,1,D
20214,04680974,22,0,1,105,D,,A,400,D,1,D
20214,04681694,23,0,1,105,D,,A,1500,D,1,D
20214,04685494,39,0,1,105,D,,A,1700,D,1,D
20214,04685584,19,0,1,105,D,,A,350,D,1,D
20214,04685864,17,0,1,105,D,,A,300,D,1,D
20214,04686674,9,0,1,105,D,,A,650,D,2,D
20214,04687234,33,0,1,105,D,,A,1300,D,1,D
20214,04690504,12,0,1,105,D,,A,300,D,1,D
20214,04736863,42,0,1,160,D,,A,75,D,1,D
20214,04737693,25,0,1,105,D,,A,525,D,1,D
20214,04738363,16,0,1,105,D,,A,250,D,2,D
20214,04739063,20,0,1,105,D,,A,200,D,1,D
20214,04739253,6,0,1,105,D,,A,180,D,1,D
20214,04739383,31,0,1,105,D,,A,150,D,2,D
20214,04739433,10,0,1,105,D,,A,60,D,1,D
20214,04740363,40,0,1,105,D,,A,257,D,1,D
20214,04740813,58,0,1,180,D,,A,80,D,2,D
20214,04741003,44,0,1,105,D,,A,900,D,1,D
20214,04741003,45,0,1,105,D,,A,1500,D,1,D
20214,04741003,46,0,1,105,D,,A,900,D,1,D
20214,04741003,47,0,1,160,D,,A,2500,D,1,D
20214,04741003,48,0,1,160,D,,A,250,D,1,D
20214,04741343,23,0,1,105,D,,A,225,D,2,D
20214,04742073,15,0,1,105,D,,A,100,D,2,D
20214,04743963,16,0,1,105,D,,A,2000,D,1,D
20214,04744733,18,0,1,105,D,,A,200,D,1,D
20214,04745013,30,0,1,105,D,,A,400,D,1,D
20214,04745623,24,0,1,105,D,,A,3000,D,1,D
20214,04745673,54,0,1,105,D,,A,1221,D,1,D
20214,04745673,55,0,1,105,D,,A,1100,D,1,D
20214,04747723,49,0,1,105,D,,A,118,D,1,D
20214,04750193,26,0,1,105,D,1.0,D,0,D,2,D
20214,04751483,34,0,1,105,D,,A,70,D,1,D
20214,04751653,24,0,1,105,D,,A,100,D,2,D
20214,04753453,25,0,1,105,D,,A,180,D,1,D
20214,04757253,34,0,1,105,D,,A,820,D,1,D
20214,04757313,17,0,1,105,D,,A,500,D,2,D
20214,04758333,53,0,1,105,D,,A,1093,D,1,D
20214,04758663,56,0,1,105,D,,A,730,D,2,D
20214,04759693,31,0,1,200,D,,A,65,D,1,D
20214,04760193,25,0,1,105,D,,A,500,D,1,D
20214,04760283,19,0,1,105,D,,A,350,D,1,D
20214,04761403,57,0,1,105,D,,A,480,D,1,D
20214,04761793,26,0,1,105,D,,A,350,D,1,D
20214,04762273,17,0,1,105,D,,A,100,D,1,D
20214,04762503,22,0,1,105,D,,A,200,D,2,D
20214,04763003,19,0,1,105,D,,A,500,D,1,D
20214,04764493,38,0,1,105,D,,A,350,D,1,D
20214,04765003,28,0,1,105,D,,A,700,D,1,D
20214,04766643,7,0,1,105,D,,A,65,D,1,D
20214,04766673,64,0,1,105,D,,A,600,D,1,D
20214,04767453,31,0,1,105,D,,A,524,D,1,D
20214,04767613,47,0,1,105,D,,A,1200,D,1,D
20214,04768543,8,0,1,105,D,,A,400,D,1,D
20214,04768873,15,0,1,180,D,,A,70,D,1,D
20214,04769033,12,0,1,105,D,,A,40,D,2,D
20214,04769313,13,0,1,105,D,,A,1200,D,1,D
20214,04769493,15,0,1,180,D,,A,10,D,2,D
20214,04769553,20,0,1,200,D,,A,500,D,1,D
20214,04815142,16,0,1,105,D,,A,435,D,1,D
20214,04817292,34,0,1,105,D,,A,650,D,1,D
20214,04817862,27,0,1,105,D,,A,1550,D,1,D
20214,04817912,39,0,1,170,D,,A,110,D,1,D
20214,04818062,26,0,1,200,D,,A,225,D,2,D
20214,04818062,27,0,1,200,D,,A,85,D,2,D
20214,04818822,11,0,1,105,D,,A,300,D,1,D
20214,04819012,31,0,1,105,D,,A,127,D,2,D
20214,04819152,60,0,1,105,D,,A,1100,D,1,D
20214,04819852,25,0,1,105,D,,A,263,D,1,D
20214,04821632,34,0,1,180,D,,A,125,D,1,D
20214,04822222,21,0,1,105,D,,A,500,D,1,D
20214,04823392,18,0,1,170,D,,A,95,D,1,D
20214,04823832,24,0,1,105,D,,A,445,F,2,D
20214,04823892,58,0,1,105,D,,A,130,D,1,D
20214,04824662,47,0,1,105,D,,A,489,D,1,D
20214,04825752,14,0,1,105,D,,A,600,D,2,D
20214,04826572,36,0,1,105,D,,A,30,D,2,D
20214,04828332,66,0,1,105,D,,A,785,D,1,D
20214,04829052,67,0,1,105,D,,A,580,D,1,D
20214,04829062,58,0,1,160,D,,A,200,D,1,D
20214,04830022,20,0,1,200,D,,A,200,D,2,D
20214,04832042,12,0,1,105,D,,A,237,D,1,D
20214,04833242,35,0,1,105,D,,A,170,D,1,D
20214,04834502,32,0,1,105,D,,A,273,D,1,D
20214,04835252,21,0,1,105,D,,A,68,D,2,D
20214,04835402,36,0,1,105,D,,A,65,D,1,D
20214,04835892,49,0,1,105,D,,A,200,D,1,D
20214,04836172,34,0,1,180,D,,A,39,D,2,D
20214,04836202,17,0,1,105,D,,A,515,D,2,D
20214,04836233,19,0,1,200,D,,A,344,D,2,D
20214,04837212,15,0,1,105,D,,A,900,D,1,D
20214,04838342,21,0,1,105,D,,A,250,D,1,D
20214,04838463,26,0,1,105,D,,A,400,D,1,D
20214,04838692,35,0,1,105,D,,A,600,D,1,D
20214,04839232,17,0,1,105,D,,A,400,D,1,D
20214,04840772,26,0,1,105,D,,A,400,D,1,D
20214,04841212,26,0,1,105,D,,A,80,D,2,D
20214,04841232,29,0,1,105,D,,A,500,D,1,D
20214,04841232,30,0,1,105,D,,A,200,D,1,D
20214,04842092,38,0,1,105,D,,A,150,D,2,D
20214,04842974,4,0,1,150,D,,A,30,D,2,D
20214,04844092,34,0,1,105,D,,A,640,D,1,D
20214,04844442,45,0,1,105,D,,A,800,D,1,D
20214,04844752,13,0,1,105,D,,A,800,D,1,D
20214,04844922,26,0,1,105,D,,A,350,D,1,D
20214,04845682,25,0,1,105,D,,A,500,D,1,D
20214,04846342,19,0,1,105,D,,A,325,D,1,D
20214,04847562,44,0,1,105,D,,A,230,D,1,D
20214,04848062,16,0,1,105,D,,A,1300,D,1,D
20214,04849172,19,0,1,105,D,,A,660,D,2,D
20214,04849292,34,0,1,105,D,,A,324,D,1,D
20214,04849292,35,0,1,105,D,,A,410,D,2,D
20214,04849832,39,0,1,105,D,,A,300,D,1,D
20214,04895404,19,0,1,105,D,,A,250,D,1,D
20214,04895731,26,0,1,105,D,,A,1200,D,2,D
20214,04896454,10,0,1,105,D,,A,151,D,1,D
20214,04897381,9,0,1,105,D,,A,330,D,2,D
20214,04898341,17,0,1,105,D,,A,400,D,1,D
20214,04898451,36,0,1,105,D,,A,1000,D,1,D
20214,04898781,28,0,1,105,D,,A,200,D,2,D
20214,04901371,26,0,1,105,D,,A,40,D,2,D
20214,04901671,13,0,1,105,D,,A,350,D,1,D
20214,04902681,18,0,1,105,D,,A,150,D,1,D
20214,04903071,47,0,1,105,D,,A,78,D,1,D
20214,04905211,21,0,1,105,D,,A,135,D,2,D
20214,04906542,15,0,1,105,D,,A,30,D,2,D
20214,04906571,29,0,1,105,D,,A,1000,D,2,D
20214,04906751,17,0,1,105,D,,A,400,D,1,D
20214,04906801,18,0,1,105,D,,A,600,D,1,D
20214,04906861,24,0,1,200,D,.50,D,150,D,1,D
20214,04908971,27,0,1,160,D,,A,1920,D,2,D
20214,04909691,28,0,1,105,D,,A,400,D,2,D
20214,04910041,18,0,1,105,D,,A,350,D,1,D
20214,04910851,4,0,1,105,D,,A,1000,D,2,D
20214,04911141,19,0,1,105,D,,A,100,D,2,D
20214,04911543,20,0,1,105,D,,A,40,D,2,D
20214,04911801,18,0,1,160,D,,A,120,D,1,D
20214,04912731,37,0,1,180,D,,A,30,D,2,D
20214,04913021,25,0,1,105,D,,A,83,D,1,D
20214,04913121,16,0,1,105,D,,A,934,D,1,D
20214,04913311,25,0,1,105,D,,A,300,D,1,D
20214,04914031,17,0,1,105,D,,A,425,D,1,D
20214,04914081,33,0,1,105,D,,A,3200,D,2,D
20214,04914081,34,0,1,105,D,,A,727,F,2,D
20214,04914461,17,0,1,105,D,,A,137,D,2,D
20214,04915001,25,0,1,105,D,,A,19,D,2,D
20214,04916241,23,0,1,105,D,,A,300,D,2,D
20214,04916271,12,0,1,105,D,,A,220,D,1,D
20214,04917081,12,0,1,105,D,,A,700,D,1,D
20214,04917301,14,0,1,105,D,,A,210,D,1,D
20214,04917441,15,0,1,135,D,,A,2700,D,1,D
20214,04918821,35,0,1,105,D,,A,500,D,1,D
20214,04919311,22,0,1,105,D,,A,530,F,2,D
20214,04919401,45,0,1,105,D,,A,1151,D,1,D
20214,04919431,9,0,1,105,D,,A,900,D,2,D
20214,04920901,16,0,1,105,D,,A,60,D,1,D
20214,04921641,37,0,1,105,D,,A,300,D,1,D
20214,04922781,34,0,1,105,D,,A,385,D,1,D
20214,04923151,15,0,1,105,D,1.0,D,0,D,2,D
20214,04923281,17,0,1,105,D,,A,1100,D,1,D
20214,04924441,34,0,1,105,D,,A,550,D,1,D
20214,04924441,35,0,1,150,D,,A,60,D,1,D
20214,04925311,22,0,1,105,D,,A,250,D,1,D
20214,04925881,10,0,1,105,D,,A,2600,D,1,D
20214,04926681,22,0,1,105,D,,A,727,F,1,D
20214,04926681,23,0,1,105,D,,A,727,F,1,D
20214,04927141,10,0,1,105,D,,A,200,D,2,D
20214,04927451,21,0,1,105,D,,A,600,D,1,D
20214,04928201,9,0,1,105,D,,A,480,D,1,D
20214,04928851,23,0,1,105,D,,A,160,D,1,D
20214,04929301,24,0,1,105,D,,A,500,D,1,D
20221,04737244,38,0,1,105,D,,A,143,D,1,D
20221,04739644,37,0,1,105,D,,A,124,D,1,D
20221,04740124,32,0,1,105,D,,A,450,D,1,D
20221,04740304,34,0,1,105,D,,A,115,D,1,D
20221,04740324,11,0,1,105,D,,A,162,D,2,D
20221,04740504,8,0,1,105,D,,A,25,D,2,D
20221,04742074,23,0,1,105,D,,A,350,D,2,D
20221,04742344,45,0,1,105,D,,A,350,D,1,D
20221,04744104,31,0,1,105,D,,A,200,D,1,D
20221,04745104,28,0,1,105,D,,A,500,D,1,D
20221,04746144,25,0,1,105,D,,A,145,D,1,D
20221,04747354,71,0,1,105,D,1.0,D,0,D,2,D
20221,04747724,41,0,1,105,D,,A,550,D,1,D
20221,04750074,25,0,1,105,D,,A,200,D,1,D
20221,04751224,34,0,1,200,D,,A,75,D,2,D
20221,04751924,28,0,1,105,D,,A,300,D,1,D
20221,04752164,40,0,1,105,D,,A,164,D,1,D
20221,04753044,26,0,1,105,D,,A,99,D,2,D
20221,04753134,16,0,1,105,D,,A,160,D,2,D
20221,04756344,36,0,1,200,D,,A,50,D,2,D
20221,04757254,23,0,1,105,D,,A,506,D,1,D
20221,04759564,47,0,1,105,D,,A,886,D,1,D
20221,04759974,27,0,1,105,D,.80,D,123,D,1,D
20221,04760284,23,0,1,105,D,,A,400,D,1,D
20221,04761184,39,0,1,105,D,,A,500,D,1,D
20221,04762504,17,0,1,105,D,,A,200,D,2,D
20221,04762744,22,0,1,105,D,,A,800,D,1,D
20221,04763344,7,0,1,105,D,,A,300,D,2,D
20221,04764344,41,0,1,200,D,,A,900,D,1,D
20221,04765114,19,0,1,105,D,,A,400,D,1,D
20221,04766644,8,0,1,105,D,.80,D,20,D,2,D
20221,04766914,17,0,1,105,D,,A,1200,D,1,D
20221,04767114,65,0,1,105,D,,A,322,D,1,D
20221,04767604,33,0,1,105,D,,A,200,D,1,D
20221,04767894,33,0,1,105,D,,A,275,D,1,D
20221,04768544,7,0,1,105,D,,A,350,D,1,D
20221,04768844,47,0,1,105,D,,A,120,D,2,D
20221,04815263,65,0,1,105,D,,A,1000,D,1,D
20221,04815813,19,0,1,105,D,,A,275,D,1,D
20221,04818113,30,0,1,105,D,,A,200,D,1,D
20221,04818213,8,0,1,105,D,,A,300,D,1,D
20221,04819173,37,0,1,105,D,,A,170,D,2,D
20221,04819813,35,0,1,105,D,,A,110,D,2,D
20221,04820343,14,0,1,105,D,,A,600,D,1,D
20221,04820343,15,0,1,105,D,,A,400,D,1,D
20221,04821473,32,0,1,105,D,,A,1600,D,1,D
20221,04821973,25,0,1,105,D,,A,79,D,1,D
20221,04822713,15,0,1,105,D,,A,300,D,1,D
20221,04823053,15,0,1,105,D,,A,325,D,1,D
20221,04823883,28,0,1,105,D,,A,600,D,1,D
20221,04823893,56,0,1,105,D,,A,385,D,1,D
20221,04825433,32,0,1,105,D,,A,0,D,2,D
20221,04826033,24,0,1,105,D,,A,150,D,2,D
20221,04826973,20,0,1,105,D,,A,474,D,2,D
20221,04827233,40,0,1,105,D,,A,614,D,1,D
20221,04828513,14,0,1,105,D,,A,500,D,1,D
20221,04828733,34,0,1,105,D,,A,380,D,1,D
20221,04829093,22,0,1,105,D,.90,D,40,D,1,D
20221,04829243,38,0,1,105,D,,A,350,D,1,D
20221,04829913,44,0,1,105,D,,A,170,D,1,D
20221,04832783,18,0,1,105,D,,A,531,F,2,D
20221,04834983,45,0,1,105,D,,A,650,D,2,D
20221,04835653,45,0,1,105,D,,A,81,D,1,D
20221,04838693,36,0,1,105,D,,A,380,D,1,D
20221,04841233,27,0,1,105,D,,A,700,D,1,D
20221,04841443,20,0,1,105,D,,A,207,D,1,D
20221,04843003,10,0,1,105,D,,A,776,D,1,D
20221,04844443,52,0,1,105,D,,A,847,D,1,D
20221,04844753,24,0,1,105,D,,A,500,D,1,D
20221,04844783,37,0,1,105,D,,A,300,D,2,D
20221,04845133,36,0,1,105,D,,A,300,D,2,D
20221,04845683,24,0,1,105,D,,A,567,D,2,D
20221,04845833,28,0,1,105,D,,A,469,D,1,D
20221,04848653,26,0,1,200,D,,A,750,D,1,D
20221,04849293,35,0,1,105,D,,A,414,D,2,D
20221,04849493,14,0,1,105,D,,A,455,D,2,D
20221,04896522,30,0,1,105,D,,A,40,D,1,D
20221,04896782,31,0,1,105,D,,A,20,D,1,D
20221,04898452,50,0,1,105,D,,A,451,F,2,D
20221,04899122,43,0,1,105,D,,A,600,D,1,D
20221,04899362,25,0,1,105,D,,A,130,D,2,D
20221,04900132,15,0,1,105,D,,A,1075,D,1,D
20221,04900322,15,0,1,105,D,,A,170,D,1,D
20221,04901372,26,0,1,105,D,,A,478,D,1,D
20221,04901672,18,0,1,105,D,,A,260,D,1,D
20221,04902782,18,0,1,200,D,,A,350,D,1,D
20221,04903072,44,0,1,105,D,,A,200,D,1,D
20221,04904412,27,0,1,105,D,,A,300,D,2,D
20221,04905012,6,0,1,105,D,,A,200,D,1,D
20221,04905262,30,0,1,105,D,,A,271,D,2,D
20221,04905562,26,0,1,180,D,,A,400,D,1,D
20221,04905854,44,0,1,105,D,,A,790,D,1,D
20221,04905882,18,0,1,105,D,,A,150,D,2,D
20221,04906802,27,0,1,105,D,,A,900,D,1,D
20221,04906842,29,0,1,105,D,1.0,D,0,D,2,D
20221,04906862,39,0,1,105,D,,A,34,D,2,D
20221,04907852,43,0,1,105,D,,A,1000,D,1,D
20221,04908102,25,0,1,105,D,,A,218,D,1,D
20221,04908832,34,0,1,105,D,,A,948,D,1,D
20221,04909612,39,0,1,105,D,,A,1000,D,1,D
20221,04909612,40,0,1,105,D,,A,600,D,1,D
20221,04909612,41,0,1,105,D,,A,600,D,1,D
20221,04911514,41,0,1,105,D,,A,100,D,2,D
20221,04912662,38,0,1,105,D,,A,240,D,1,D
20221,04912872,17,0,1,105,D,,A,1000,D,1,D
20221,04913922,25,0,1,160,D,,A,2100,D,1,D
20221,04915232,25,0,1,105,D,,A,230,D,2,D
20221,04916452,43,0,1,105,D,,A,450,D,1,D
20221,04916632,30,0,1,105,D,,A,110,D,1,D
20221,04916652,24,0,1,105,D,,A,47,D,2,D
20221,04916762,23,0,1,105,D,,A,300,D,1,D
20221,04917922,53,0,1,105,D,,A,130,D,1,D
20221,04917942,51,0,1,105,D,,A,460,D,1,D
20221,04917942,52,0,1,200,D,,A,125,D,1,D
20221,04919132,15,0,1,105,D,,A,3000,D,1,D
20221,04919812,39,0,1,105,D,,A,63,D,1,D
20221,04920642,29,0,1,105,D,,A,1200,D,1,D
20221,04921362,19,0,1,105,D,,A,49,D,2,D
20221,04921642,73,0,1,105,D,,A,400,D,1,D
20221,04923282,19,0,1,105,D,,A,1000,D,1,D
20221,04923772,20,0,1,105,D,,A,3000,D,2,D
20221,04924642,34,0,1,105,D,,A,316,D,1,D
20221,04925142,13,0,1,105,D,,A,25,D,2,D
20221,04925732,26,0,1,105,D,,A,600,D,1,D
20221,04927872,19,0,1,105,D,,A,435,D,1,D
20221,04928042,38,0,1,105,D,,A,585,D,1,D
20221,04928852,23,0,1,105,D,,A,300,D,2,D
20221,04929002,22,0,1,105,D,,A,451,F,1,D
20221,04930621,27,0,1,105,D,1.0,D,0,D,2,D
20221,04931401,12,0,1,105,D,,A,200,D,2,D
20221,04931491,14,0,1,105,D,,A,1300,D,2,D
20221,04931551,24,0,1,105,D,,A,540,D,1,D
20221,04931611,17,0,1,105,D,,A,245,D,2,D
20221,04933471,34,0,1,180,D,,A,98,D,2,D
20221,04933671,9,0,1,105,D,,A,700,D,1,D
20221,04934711,25,0,1,105,D,,A,297,D,1,D
20221,04936921,11,0,1,105,D,,A,1020,D,2,D
20221,04937681,32,0,1,105,D,,A,250,D,2,D
20221,04937881,13,0,1,105,D,,A,600,D,2,D
20221,04939071,19,0,1,200,D,,A,70,D,2,D
20221,04939911,13,0,1,105,D,,A,275,D,1,D
20221,04939911,14,0,1,105,D,,A,200,D,1,D
20221,04939911,15,0,1,105,D,,A,200,D,1,D
20221,04939911,16,0,1,105,D,,A,200,D,1,D
20221,04940131,29,0,1,105,D,,A,200,D,1,D
20221,04940171,15,0,1,105,D,,A,98,D,2,D
20221,04941211,27,0,1,105,D,,A,150,D,1,D
20221,04941811,14,0,1,105,D,,A,89,D,1,D
20221,04942421,10,0,1,105,D,,A,100,D,1,D
20221,04942611,53,0,1,105,D,,A,500,D,1,D
20221,04943103,28,0,1,105,D,,A,1000,D,2,D
20221,04943881,24,0,1,105,D,,A,244,D,1,D
20221,04947701,21,0,1,105,D,,A,450,D,1,D
20221,04947701,22,0,1,105,D,,A,300,D,1,D
20221,04948011,19,0,1,105,D,,A,375,D,1,D
20221,04949571,18,0,1,105,D,,A,100,D,2,D
20221,04950391,22,0,1,105,D,,A,300,D,2,D
20221,04950561,22,0,1,105,D,,A,319,D,1,D
20221,04950591,16,0,1,105,D,,A,1200,D,1,D
20221,04951814,21,0,1,105,D,,A,130,D,2,D
20221,04952271,28,0,1,105,D,,A,56,D,2,D
20221,04952511,14,0,1,105,D,,A,72,D,2,D
20221,04952781,30,0,1,105,D,,A,400,D,1,D
20221,04953151,28,0,1,200,D,,A,77,D,2,D
20221,04954031,24,0,1,105,D,,A,100,D,1,D
20221,04954051,12,0,1,150,D,,A,80,D,2,D
20221,04955121,25,0,1,105,D,,A,200,D,1,D
20221,04955261,30,0,1,180,D,,A,18,D,2,D
20221,04956941,22,0,1,105,D,,A,230,D,2,D
20221,04958071,10,0,1,105,D,,A,300,D,2,D
20221,04958874,26,0,1,105,D,,A,61,D,2,D
20221,04959551,19,0,1,105,D,,A,400,D,1,D
20221,04960644,18,0,1,105,D,,A,200,D,1,D
20221,04961041,21,0,1,105,D,,A,500,D,1,D
20221,04961701,33,0,1,105,D,,A,2280,D,2,D
20221,04961831,8,0,1,105,D,,A,80,D,1,D
20221,04962151,21,0,1,105,D,,A,120,D,2,D
20221,04962191,9,0,1,105,D,,A,318,D,1,D
20221,04962651,5,0,1,105,D,,A,300,D,1,D
20221,04963071,11,0,1,105,D,,A,430,D,2,D
20221,04963151,22,0,1,105,D,,A,531,F,1,D
20221,04963251,29,0,1,105,D,,A,500,D,1,D
20221,04963841,27,0,1,105,D,,A,120,D,1,D
20221,04964861,23,0,1,105,D,,A,1100,D,2,D
