QYEAR,NEWID,SEQNO,ALCNO,REC_ORIG,TRNONCUX,TRNO_CUX,TRNONCUY,TRNO_CUY
20212,04422184,50,0,1,,H,,A
20212,04422184,50,1,1,20,E,120,D
20212,04422184,50,2,1,2,E,140,D
20212,04422184,50,3,1,94,E,150,D
20212,04422184,50,4,1,34,E,190,D
20212,04422864,69,0,1,,H,,A
20212,04422864,69,1,1,1573,E,120,D
20212,04422864,69,2,1,6503,U,130,D
20212,04422864,69,3,1,211,E,140,D
20212,04422864,69,4,1,8098,E,150,D
20212,04422864,69,5,1,476,E,160,D
20212,04422864,69,6,1,2768,E,190,D
20212,04422864,69,7,1,2007,E,210,D
20212,04422864,69,8,1,1992,E,220,D
20212,04425174,23,0,1,,H,,A
20212,04425174,23,1,1,1000,E,130,D
20212,04428644,19,0,1,,H,,A
20212,04428644,19,1,1,119,E,100,D
20212,04428644,19,2,1,31,E,110,D
20212,04462824,36,0,1,,H,,A
20212,04462824,36,1,1,28,E,100,D
20212,04462824,36,2,1,11,E,110,D
20212,04462824,36,3,1,64,E,130,D
20212,04462824,36,4,1,18,E,210,D
20212,04462824,36,5,1,19,E,220,D
20212,04464524,58,0,1,,H,,A
20212,04464524,58,1,1,33,E,120,D
20212,04464524,58,2,1,161,E,130,D
20212,04464524,58,3,1,5,E,140,D
20212,04464524,58,4,1,166,E,150,D
20212,04464524,58,5,1,8,E,160,D
20212,04464524,58,6,1,14,E,170,D
20212,04464524,58,7,1,13,E,190,D
20212,04464604,45,0,1,,H,,A
20212,04464604,45,1,1,115,E,210,D
20212,04464604,45,2,1,125,E,220,D
20212,04467634,15,0,1,,H,,A
20212,04467634,15,1,1,31,E,120,D
20212,04467634,15,2,1,8,E,140,D
20212,04467634,15,3,1,174,E,150,D
20212,04467634,15,4,1,9,E,160,D
20212,04467634,15,5,1,14,E,170,D
20212,04467634,15,6,1,14,E,190,D
20212,04467804,29,0,1,,H,,A
20212,04467804,29,1,1,75,E,120,D
20212,04467804,29,2,1,13,E,140,D
20212,04467804,29,3,1,422,E,150,D
20212,04467804,29,4,1,22,E,160,D
20212,04467804,29,5,1,35,E,170,D
20212,04467804,29,6,1,33,E,190,D
20212,04469724,22,0,1,,H,,A
20212,04469724,22,1,1,7,E,120,D
20212,04469724,22,2,1,24,E,150,D
20212,04469724,22,3,1,1,E,160,D
20212,04469724,22,4,1,8,E,190,D
20212,04503304,39,0,1,,H,,A
20212,04503304,39,1,1,41,E,120,D
20212,04503304,39,2,1,5,E,140,D
20212,04503304,39,3,1,200,E,150,D
20212,04503304,39,4,1,11,E,160,D
20212,04503304,39,5,1,68,E,190,D
20212,04512654,31,0,1,,H,,A
20212,04512654,31,1,1,445,G,100,D
20212,04512654,31,2,1,127,G,110,D
20212,04512654,31,3,1,183,G,120,D
20212,04512654,31,4,1,1011,G,130,D
20212,04512654,31,5,1,33,G,140,D
20212,04512654,31,6,1,924,G,150,D
20212,04512654,31,7,1,338,G,190,D
20212,04512654,31,8,1,295,G,210,D
20212,04512654,31,9,1,300,G,220,D
20212,04513304,27,0,1,,H,,A
20212,04513304,27,1,1,34,E,120,D
20212,04513304,27,2,1,5,E,140,D
20212,04513304,27,3,1,167,E,150,D
20212,04513304,27,4,1,122,E,160,D
20212,04513304,27,5,1,38,E,170,D
20212,04513304,27,6,1,78,E,180,D
20212,04513304,27,7,1,56,E,190,D
20212,04513824,23,0,1,,H,,A
20212,04513824,23,1,1,133,E,120,D
20212,04513824,23,2,1,846,E,130,D
20212,04513824,23,3,1,27,E,140,D
20212,04513824,23,4,1,918,E,150,D
20212,04513824,23,5,1,414,E,160,D
20212,04513824,23,6,1,30,E,170,D
20212,04513824,23,7,1,477,E,180,D
20212,04513824,23,8,1,155,E,190,D
20212,04547043,24,0,1,,H,,A
20212,04547043,24,1,1,15,E,120,D
20212,04547043,24,2,1,5,E,140,D
20212,04547043,24,3,1,106,E,150,D
20212,04547043,24,4,1,48,E,160,D
20212,04547043,24,5,1,3,E,170,D
20212,04547043,24,6,1,55,E,180,D
20212,04547043,24,7,1,18,E,190,D
20212,04549113,38,0,1,,H,,A
20212,04549113,38,1,1,18,E,120,D
20212,04549113,38,2,1,3,E,140,D
20212,04549113,38,3,1,130,E,150,D
20212,04549113,38,4,1,57,E,160,D
20212,04549113,38,5,1,4,E,170,D
20212,04549113,38,6,1,66,E,180,D
20212,04549113,38,7,1,21,E,190,D
20212,04549113,39,0,1,,H,,A
20212,04549113,39,1,1,1000,E,130,D
20212,04549203,45,0,1,,H,,A
20212,04549203,45,1,1,43,E,120,D
20212,04549203,45,2,1,6,E,140,D
20212,04549203,45,3,1,184,E,150,D
20212,04549203,45,4,1,136,E,160,D
20212,04549203,45,5,1,43,E,170,D
20212,04549203,45,6,1,87,E,180,D
20212,04549203,45,7,1,63,E,190,D
20212,04549203,45,8,1,61,E,210,D
20212,04549203,45,9,1,77,E,220,D
20212,04552303,37,0,1,,H,,A
20212,04552303,37,1,1,218,E,100,D
20212,04552303,37,2,1,62,E,110,D
20212,04552303,37,3,1,89,E,120,D
20212,04552303,37,4,1,499,E,130,D
20212,04552303,37,5,1,14,E,140,D
20212,04552303,37,6,1,453,E,150,D
20212,04552303,37,7,1,165,E,190,D
20212,04566323,31,0,1,,H,,A
20212,04566323,31,1,1,45,E,120,D
20212,04566323,31,2,1,6,E,140,D
20212,04566323,31,3,1,219,E,150,D
20212,04566323,31,4,1,80,E,190,D
20212,04568763,27,0,1,,H,,A
20212,04568763,27,1,1,18,E,120,D
20212,04568763,27,2,1,2,E,140,D
20212,04568763,27,3,1,73,E,150,D
20212,04568763,27,4,1,54,E,160,D
20212,04568763,27,5,1,17,E,170,D
20212,04568763,27,6,1,35,E,180,D
20212,04568763,27,7,1,25,E,190,D
20212,04571493,59,0,1,,H,,A
20212,04571493,59,1,1,20,E,120,D
20212,04571493,59,2,1,3,E,140,D
20212,04571493,59,3,1,98,E,150,D
20212,04571493,59,4,1,73,E,160,D
20212,04571493,59,5,1,27,E,170,D
20212,04571493,59,6,1,46,E,180,D
20212,04571493,59,7,1,33,E,190,D
20212,04613312,32,0,1,,H,,A
20212,04613312,32,1,1,40,E,100,D
20212,04613312,32,2,1,18,E,110,D
20212,04613312,32,3,1,25,E,120,D
20212,04613312,32,4,1,1,E,140,D
20212,04613312,32,5,1,194,E,150,D
20212,04613312,32,6,1,22,E,170,D
20212,04614582,29,0,1,,H,,A
20212,04614582,29,1,1,65,E,100,D
20212,04614582,29,2,1,18,E,110,D
20212,04614582,29,3,1,25,E,120,D
20212,04614582,29,4,1,109,E,130,D
20212,04614582,29,5,1,3,E,140,D
20212,04614582,29,6,1,129,E,150,D
20212,04614582,29,7,1,7,E,160,D
20212,04614582,29,8,1,44,E,190,D
20212,04616962,37,0,1,,H,,A
20212,04616962,37,1,1,310,E,130,D
20212,04618282,52,0,1,,H,,A
20212,04618282,52,1,1,199,E,130,D
20212,04618302,36,0,1,,H,,A
20212,04618302,36,1,1,30,E,120,D
20212,04618302,36,2,1,6,E,140,D
20212,04618302,36,3,1,215,E,150,D
20212,04618302,36,4,1,96,E,160,D
20212,04618302,36,5,1,7,E,170,D
20212,04618302,36,6,1,110,E,180,D
20212,04618302,36,7,1,36,E,190,D
20212,04618473,65,0,1,,H,,A
20212,04618473,65,1,1,30,E,120,D
20212,04618473,65,2,1,5,E,140,D
20212,04618473,65,3,1,176,E,150,D
20212,04618473,65,4,1,79,E,160,D
20212,04618473,65,5,1,5,E,170,D
20212,04618473,65,6,1,91,E,180,D
20212,04618473,65,7,1,29,E,190,D
20212,04652262,9,0,1,,H,,A
20212,04652262,9,1,1,394,E,100,D
20212,04652262,9,2,1,106,E,110,D
20212,04652442,25,0,1,,H,,A
20212,04652442,25,1,1,68,E,100,D
20212,04652442,25,2,1,22,E,110,D
20212,04652442,25,3,1,35,E,120,D
20212,04652442,25,4,1,6,E,140,D
20212,04652442,25,5,1,197,E,150,D
20212,04652442,25,6,1,10,E,160,D
20212,04652442,25,7,1,16,E,170,D
20212,04652442,25,8,1,16,E,190,D
20212,04661922,24,0,1,,C,100,D
20212,04662122,31,0,1,,H,,A
20212,04662122,31,1,1,120,E,100,D
20212,04662122,31,2,1,30,E,110,D
20212,04662122,31,3,1,40,E,120,D
20212,04662122,31,4,1,8,E,140,D
20212,04662122,31,5,1,277,E,150,D
20212,04662122,31,6,1,125,E,160,D
20212,04662122,31,7,1,9,E,170,D
20212,04662122,31,8,1,144,E,180,D
20212,04662122,31,9,1,47,E,190,D
20212,04663122,74,0,1,,H,,A
20212,04663122,74,1,1,67,E,100,D
20212,04663122,74,2,1,19,E,110,D
20212,04663122,74,3,1,25,E,120,D
20212,04663122,74,4,1,112,E,130,D
20212,04663122,74,5,1,3,E,140,D
20212,04663122,74,6,1,132,E,150,D
20212,04663122,74,7,1,7,E,160,D
20212,04663122,74,8,1,45,E,190,D
20212,04679002,46,0,1,,H,,A
20212,04679002,46,1,1,32,E,120,D
20212,04679002,46,2,1,6,E,140,D
20212,04679002,46,3,1,223,E,150,D
20212,04679002,46,4,1,100,E,160,D
20212,04679002,46,5,1,7,E,170,D
20212,04679002,46,6,1,115,E,180,D
20212,04679002,46,7,1,37,E,190,D
20212,04680842,33,0,1,,H,,A
20212,04680842,33,1,1,377,E,100,D
20212,04680842,33,2,1,129,E,110,D
20212,04680842,33,3,1,210,E,120,D
20212,04680842,33,4,1,1134,E,130,D
20212,04680842,33,5,1,38,E,140,D
20212,04680842,33,6,1,1167,E,150,D
20212,04680842,33,7,1,62,E,160,D
20212,04680842,33,8,1,98,E,170,D
20212,04680842,33,9,1,94,E,190,D
20212,04680842,33,10,1,165,E,210,D
20212,04680842,33,11,1,182,E,220,D
20212,04682462,23,0,1,,H,,A
20212,04682462,23,1,1,123,E,210,D
20212,04682462,23,2,1,152,E,220,D
20212,04683732,34,0,1,,H,,A
20212,04683732,34,1,1,145,E,100,D
20212,04683732,34,2,1,41,E,110,D
20212,04683732,34,3,1,59,E,120,D
20212,04683732,34,4,1,330,E,130,D
20212,04683732,34,5,1,9,E,140,D
20212,04683732,34,6,1,306,E,150,D
20212,04683732,34,7,1,110,E,190,D
20212,04685692,66,0,1,,H,,A
20212,04685692,66,1,1,6,E,120,D
20212,04685692,66,2,1,21,E,150,D
20212,04685692,66,3,1,8,E,190,D
20212,04687032,52,0,1,,H,,A
20212,04687032,52,1,1,117,E,100,D
20212,04687032,52,2,1,30,E,110,D
20212,04687032,52,3,1,43,E,120,D
20212,04687032,52,4,1,8,E,140,D
20212,04687032,52,5,1,277,E,150,D
20212,04687032,52,6,1,125,E,160,D
20212,04687032,52,7,1,9,E,170,D
20212,04687032,52,8,1,144,E,180,D
20212,04687032,52,9,1,47,E,190,D
20212,04737131,33,0,1,,H,,A
20212,04737131,33,1,1,6503,U,130,D
20212,04741411,18,0,1,,H,,A
20212,04741411,18,1,1,50,E,100,D
20212,04741411,18,2,1,15,E,110,D
20212,04741411,18,3,1,25,E,120,D
20212,04741411,18,4,1,137,E,130,D
20212,04741411,18,5,1,4,E,140,D
20212,04741411,18,6,1,140,E,150,D
20212,04741411,18,7,1,7,E,160,D
20212,04741411,18,8,1,11,E,170,D
20212,04741411,18,9,1,11,E,190,D
20212,04744091,44,0,1,,H,,A
20212,04744091,44,1,1,35,E,120,D
20212,04744091,44,2,1,4,E,140,D
20212,04744091,44,3,1,188,E,150,D
20212,04744091,44,4,1,10,E,160,D
20212,04744091,44,5,1,63,E,190,D
20212,04745821,23,0,1,,H,,A
20212,04745821,23,1,1,65,E,120,D
20212,04745821,23,2,1,4,E,140,D
20212,04745821,23,3,1,494,E,150,D
20212,04745821,23,4,1,57,E,170,D
20212,04748091,34,0,1,,H,,A
20212,04748091,34,1,1,364,E,100,D
20212,04748091,34,2,1,104,E,110,D
20212,04748091,34,3,1,152,E,120,D
20212,04748091,34,4,1,826,E,130,D
20212,04748091,34,5,1,23,E,140,D
20212,04748091,34,6,1,755,E,150,D
20212,04748091,34,7,1,276,E,190,D
20212,04749081,70,0,1,,H,,A
20212,04749081,70,1,1,102,E,100,D
20212,04749081,70,2,1,30,E,110,D
20212,04749081,70,3,1,35,E,120,D
20212,04749081,70,4,1,7,E,140,D
20212,04749081,70,5,1,242,E,150,D
20212,04749081,70,6,1,109,E,160,D
20212,04749081,70,7,1,8,E,170,D
20212,04749081,70,8,1,126,E,180,D
20212,04749081,70,9,1,41,E,190,D
20212,04749611,15,0,1,,H,,A
20212,04749611,15,1,1,66,E,120,D
20212,04749611,15,2,1,15,E,140,D
20212,04749611,15,3,1,371,E,150,D
20212,04749611,15,4,1,148,E,190,D
20212,04751731,38,0,1,,C,100,D
20212,04753891,28,0,1,,H,,A
20212,04753891,28,1,1,38,E,120,D
20212,04753891,28,2,1,4,E,140,D
20212,04753891,28,3,1,185,E,150,D
20212,04753891,28,4,1,10,E,160,D
20212,04753891,28,5,1,63,E,190,D
20212,04761581,36,0,1,,H,,A
20212,04761581,36,1,1,70,E,120,D
20212,04761581,36,2,1,9,E,140,D
20212,04761581,36,3,1,354,E,150,D
20212,04761581,36,4,1,20,E,160,D
20212,04761581,36,5,1,121,E,190,D
20212,04768261,31,0,1,,H,,A
20212,04768261,31,1,1,16,E,120,D
20212,04768261,31,2,1,3,E,140,D
20212,04768261,31,3,1,117,E,150,D
20212,04768261,31,4,1,57,E,160,D
20212,04768261,31,5,1,3,E,170,D
20212,04768261,31,6,1,60,E,180,D
20212,04768261,31,7,1,19,E,190,D
20213,04557924,51,0,1,,H,,A
20213,04557924,51,1,1,315,E,120,D
20213,04557924,51,2,1,39,E,140,D
20213,04557924,51,3,1,1988,E,150,D
20213,04557924,51,4,1,271,E,160,D
20213,04557924,51,5,1,69,E,170,D
20213,04557924,51,6,1,55,E,180,D
20213,04557924,51,7,1,181,E,190,D
20213,04560674,29,0,1,,H,,A
20213,04560674,29,1,1,637,E,120,D
20213,04560674,29,2,1,80,E,140,D
20213,04560674,29,3,1,3586,E,150,D
20213,04560674,29,4,1,589,E,160,D
20213,04560674,29,5,1,249,E,170,D
20213,04560674,29,6,1,222,E,180,D
20213,04560674,29,7,1,637,E,190,D
20213,04565034,29,0,1,,H,,A
20213,04565034,29,1,1,624,E,100,D
20213,04565034,29,2,1,171,E,110,D
20213,04565034,29,3,1,313,E,120,D
20213,04565034,29,4,1,6503,U,130,D
20213,04565034,29,5,1,40,E,140,D
20213,04565034,29,6,1,2000,E,150,D
20213,04565034,29,7,1,273,E,160,D
20213,04565034,29,8,1,69,E,170,D
20213,04565034,29,9,1,55,E,180,D
20213,04565034,29,10,1,182,E,190,D
20213,04565034,29,11,1,328,E,210,D
20213,04565034,29,12,1,512,E,220,D
20213,04571964,23,0,1,,H,,A
20213,04571964,23,1,1,91,E,100,D
20213,04571964,23,2,1,22,E,110,D
20213,04571964,23,3,1,44,E,120,D
20213,04571964,23,4,1,212,E,130,D
20213,04571964,23,5,1,6,E,140,D
20213,04571964,23,6,1,249,E,150,D
20213,04571964,23,7,1,27,E,160,D
20213,04571964,23,8,1,14,E,170,D
20213,04571964,23,9,1,35,E,190,D
20213,04575704,28,0,1,,H,,A
20213,04575704,28,1,1,59,E,120,D
20213,04575704,28,2,1,405,E,130,D
20213,04575704,28,3,1,7,E,140,D
20213,04575704,28,4,1,430,E,150,D
20213,04575704,28,5,1,55,E,160,D
20213,04575704,28,6,1,11,E,170,D
20213,04575704,28,7,1,159,E,180,D
20213,04575704,28,8,1,74,E,190,D
20213,04610033,31,0,1,,H,,A
20213,04610033,31,1,1,138,E,130,D
20213,04613823,34,0,1,,H,,A
20213,04613823,34,1,1,489,E,100,D
20213,04613823,34,2,1,101,E,110,D
20213,04613823,34,3,1,148,E,120,D
20213,04613823,34,4,1,20,E,140,D
20213,04613823,34,5,1,1145,E,150,D
20213,04613823,34,6,1,146,E,160,D
20213,04613823,34,7,1,29,E,170,D
20213,04613823,34,8,1,423,E,180,D
20213,04613823,34,9,1,199,E,190,D
20213,04614664,39,0,1,,H,,A
20213,04614664,39,1,1,60,E,100,D
20213,04614664,39,2,1,13,E,110,D
20213,04614664,39,3,1,28,E,120,D
20213,04614664,39,4,1,133,E,130,D
20213,04614664,39,5,1,3,E,140,D
20213,04614664,39,6,1,156,E,150,D
20213,04614664,39,7,1,17,E,160,D
20213,04614664,39,8,1,8,E,170,D
20213,04614664,39,9,1,22,E,190,D
20213,04614664,39,10,1,39,E,210,D
20213,04614664,39,11,1,16,E,220,D
20213,04616963,53,0,1,,H,,A
20213,04616963,53,1,1,182,E,120,D
20213,04616963,53,2,1,836,E,130,D
20213,04616963,53,3,1,23,E,140,D
20213,04616963,53,4,1,1167,E,150,D
20213,04616963,53,5,1,164,E,160,D
20213,04616963,53,6,1,40,E,170,D
20213,04616963,53,7,1,32,E,180,D
20213,04616963,53,8,1,106,E,190,D
20213,04617383,21,0,1,,H,,A
20213,04617383,21,1,1,11,E,100,D
20213,04617383,21,2,1,3,E,110,D
20213,04617383,21,3,1,5,E,120,D
20213,04617383,21,4,1,33,E,150,D
20213,04617383,21,5,1,2,E,160,D
20213,04617383,21,6,1,1,E,190,D
20213,04655143,31,0,1,,H,,A
20213,04655143,31,1,1,34,E,100,D
20213,04655143,31,2,1,7,E,110,D
20213,04655143,31,3,1,16,E,120,D
20213,04655143,31,4,1,76,E,130,D
20213,04655143,31,5,1,2,E,140,D
20213,04655143,31,6,1,89,E,150,D
20213,04655143,31,7,1,9,E,160,D
20213,04655143,31,8,1,5,E,170,D
20213,04655143,31,9,1,12,E,190,D
20213,04655233,18,0,1,,H,,A
20213,04655233,18,1,1,55,E,100,D
20213,04655233,18,2,1,15,E,110,D
20213,04656273,31,0,1,,H,,A
20213,04656273,31,1,1,107,E,210,D
20213,04656273,31,2,1,93,E,220,D
20213,04660413,50,0,1,,H,,A
20213,04660413,50,1,1,87,E,100,D
20213,04660413,50,2,1,24,E,110,D
20213,04660413,50,3,1,40,E,120,D
20213,04660413,50,4,1,201,E,130,D
20213,04660413,50,5,1,5,E,140,D
20213,04660413,50,6,1,235,E,150,D
20213,04660413,50,7,1,38,E,160,D
20213,04660413,50,8,1,16,E,170,D
20213,04660413,50,9,1,14,E,180,D
20213,04660413,50,10,1,41,E,190,D
20213,04660413,50,11,1,57,E,210,D
20213,04660413,50,12,1,42,E,220,D
20213,04661923,31,0,1,,H,,A
20213,04661923,31,1,1,25,E,100,D
20213,04661923,31,2,1,5,E,110,D
20213,04661923,31,3,1,7,E,120,D
20213,04661923,31,4,1,55,E,130,D
20213,04661923,31,5,1,1,E,140,D
20213,04661923,31,6,1,65,E,150,D
20213,04661923,31,7,1,7,E,160,D
20213,04661923,31,8,1,1,E,170,D
20213,04661923,31,9,1,21,E,180,D
20213,04661923,31,10,1,10,E,190,D
20213,04661923,31,11,1,11,E,210,D
20213,04661923,31,12,1,12,E,220,D
20213,04662993,45,0,1,,H,,A
20213,04662993,45,1,1,134,E,120,D
20213,04662993,45,2,1,17,E,140,D
20213,04662993,45,3,1,725,E,150,D
20213,04662993,45,4,1,80,E,160,D
20213,04662993,45,5,1,41,E,170,D
20213,04662993,45,6,1,103,E,190,D
20213,04682463,43,0,1,,H,,A
20213,04682463,43,1,1,34,E,120,D
20213,04682463,43,2,1,3,E,140,D
20213,04682463,43,3,1,175,E,150,D
20213,04682463,43,4,1,28,E,160,D
20213,04682463,43,5,1,12,E,170,D
20213,04682463,43,6,1,10,E,180,D
20213,04682463,43,7,1,31,E,190,D
20213,04684753,777,0,1,,H,,A
20213,04684753,777,1,1,259,E,120,D
20213,04684753,777,2,1,32,E,140,D
20213,04684753,777,3,1,1635,E,150,D
20213,04684753,777,4,1,223,E,160,D
20213,04684753,777,5,1,57,E,170,D
20213,04684753,777,6,1,45,E,180,D
20213,04684753,777,7,1,149,E,190,D
20213,04687033,52,0,1,,H,,A
20213,04687033,52,1,1,94,E,100,D
20213,04687033,52,2,1,18,E,110,D
20213,04687033,52,3,1,27,E,120,D
20213,04687033,52,4,1,3,E,140,D
20213,04687033,52,5,1,212,E,150,D
20213,04687033,52,6,1,27,E,160,D
20213,04687033,52,7,1,5,E,170,D
20213,04687033,52,8,1,78,E,180,D
20213,04687033,52,9,1,36,E,190,D
20213,04687893,15,0,1,,H,,A
20213,04687893,15,1,1,280,E,100,D
20213,04687893,15,2,1,75,E,110,D
20213,04687893,15,3,1,128,E,120,D
20213,04687893,15,4,1,631,E,130,D
20213,04687893,15,5,1,16,E,140,D
20213,04687893,15,6,1,727,E,150,D
20213,04687893,15,7,1,119,E,160,D
20213,04687893,15,8,1,50,E,170,D
20213,04687893,15,9,1,45,E,180,D
20213,04687893,15,10,1,129,E,190,D
20213,04736992,39,0,1,,H,,A
20213,04736992,39,1,1,103,E,120,D
20213,04736992,39,2,1,14,E,140,D
20213,04736992,39,3,1,799,E,150,D
20213,04736992,39,4,1,102,E,160,D
20213,04736992,39,5,1,20,E,170,D
20213,04736992,39,6,1,300,E,180,D
20213,04736992,39,7,1,139,E,190,D
20213,04736992,39,8,1,155,E,210,D
20213,04736992,39,9,1,168,E,220,D
20213,04742742,37,0,1,,H,,A
20213,04742742,37,1,1,18,E,120,D
20213,04742742,37,2,1,1,E,140,D
20213,04742742,37,3,1,108,E,150,D
20213,04742742,37,4,1,13,E,160,D
20213,04742742,37,5,1,2,E,170,D
20213,04742742,37,6,1,40,E,180,D
20213,04742742,37,7,1,18,E,190,D
20213,04746742,57,0,1,,H,,A
20213,04746742,57,1,1,256,E,100,D
20213,04746742,57,2,1,53,E,110,D
20213,04746742,57,3,1,84,E,120,D
20213,04746742,57,4,1,571,E,130,D
20213,04746742,57,5,1,10,E,140,D
20213,04746742,57,6,1,605,E,150,D
20213,04746742,57,7,1,77,E,160,D
20213,04746742,57,8,1,15,E,170,D
20213,04746742,57,9,1,224,E,180,D
20213,04746742,57,10,1,105,E,190,D
20213,04752632,11,0,1,,H,,A
20213,04752632,11,1,1,22,E,100,D
20213,04752632,11,2,1,6,E,110,D
20213,04752632,11,3,1,52,E,130,D
20213,04757732,31,0,1,,H,,A
20213,04757732,31,1,1,214,E,120,D
20213,04757732,31,2,1,640,E,130,D
20213,04757732,31,3,1,27,E,140,D
20213,04757732,31,4,1,684,E,150,D
20213,04757732,31,5,1,319,E,170,D
20213,04757732,31,6,1,116,E,190,D
20213,04758362,53,0,1,,H,,A
20213,04758362,53,1,1,45,E,120,D
20213,04758362,53,2,1,5,E,140,D
20213,04758362,53,3,1,271,E,150,D
20213,04758362,53,4,1,37,E,160,D
20213,04758362,53,5,1,9,E,170,D
20213,04758362,53,6,1,7,E,180,D
20213,04758362,53,7,1,24,E,190,D
20213,04758652,12,0,1,,H,,A
20213,04758652,12,1,1,284,E,100,D
20213,04758652,12,2,1,47,E,110,D
20213,04758652,12,3,1,72,E,120,D
20213,04758652,12,4,1,437,E,130,D
20213,04758652,12,5,1,7,E,140,D
20213,04758652,12,6,1,776,E,150,D
20213,04758652,12,7,1,1,E,160,D
20213,04758652,12,8,1,59,E,170,D
20213,04758652,12,9,1,91,E,180,D
20213,04758652,12,10,1,33,E,190,D
20213,04758652,12,11,1,112,E,210,D
20213,04758652,12,12,1,81,E,220,D
20213,04760592,28,0,1,,H,,A
20213,04760592,28,1,1,38,E,120,D
20213,04760592,28,2,1,4,E,140,D
20213,04760592,28,3,1,197,E,150,D
20213,04760592,28,4,1,22,E,160,D
20213,04760592,28,5,1,11,E,170,D
20213,04760592,28,6,1,28,E,190,D
20213,04761582,73,0,1,,H,,A
20213,04761582,73,1,1,111,E,100,D
20213,04761582,73,2,1,18,E,110,D
20213,04761582,73,3,1,27,E,120,D
20213,04761582,73,4,1,2,E,140,D
20213,04761582,73,5,1,299,E,150,D
20213,04761582,73,6,1,22,E,170,D
20213,04761582,73,7,1,35,E,180,D
20213,04761582,73,8,1,13,E,190,D
20213,04761682,31,0,1,,H,,A
20213,04761682,31,1,1,50,E,120,D
20213,04761682,31,2,1,10,E,140,D
20213,04761682,31,3,1,253,E,150,D
20213,04761682,31,4,1,25,E,160,D
20213,04761682,31,5,1,12,E,190,D
20213,04764432,26,0,1,,H,,A
20213,04764432,26,1,1,184,E,100,D
20213,04764432,26,2,1,50,E,110,D
20213,04764432,26,3,1,418,E,130,D
20213,04764432,26,4,1,119,E,210,D
20213,04764432,26,5,1,89,E,220,D
20213,04766872,33,0,1,,H,,A
20213,04766872,33,1,1,109,E,120,D
20213,04766872,33,2,1,14,E,140,D
20213,04766872,33,3,1,812,E,150,D
20213,04766872,33,4,1,103,E,160,D
20213,04766872,33,5,1,21,E,170,D
20213,04766872,33,6,1,300,E,180,D
20213,04766872,33,7,1,141,E,190,D
20213,04766912,23,0,1,,H,,A
20213,04766912,23,1,1,239,E,100,D
20213,04766912,23,2,1,66,E,110,D
20213,04766912,23,3,1,121,E,120,D
20213,04766912,23,4,1,555,E,130,D
20213,04766912,23,5,1,21,E,140,D
20213,04766912,23,6,1,775,E,150,D
20213,04766912,23,7,1,105,E,160,D
20213,04766912,23,8,1,27,E,170,D
20213,04766912,23,9,1,21,E,180,D
20213,04766912,23,10,1,70,E,190,D
20213,04767292,773,0,1,,H,,A
20213,04767292,773,1,1,131,E,100,D
20213,04767292,773,2,1,36,E,110,D
20213,04767292,773,3,1,61,E,120,D
20213,04767292,773,4,1,308,E,130,D
20213,04767292,773,5,1,7,E,140,D
20213,04767292,773,6,1,348,E,150,D
20213,04767292,773,7,1,57,E,160,D
20213,04767292,773,8,1,24,E,170,D
20213,04767292,773,9,1,21,E,180,D
20213,04767292,773,10,1,62,E,190,D
20213,04767292,773,11,1,86,E,210,D
20213,04767292,773,12,1,64,E,220,D
20213,04815381,9,0,1,,C,,A
20213,04824591,36,0,1,,H,,A
20213,04824591,36,1,1,116,E,120,D
20213,04824591,36,2,1,845,E,130,D
20213,04824591,36,3,1,15,E,140,D
20213,04824591,36,4,1,900,E,150,D
20213,04824591,36,5,1,114,E,160,D
20213,04824591,36,6,1,23,E,170,D
20213,04824591,36,7,1,331,E,180,D
20213,04824591,36,8,1,156,E,190,D
20213,04824601,47,0,1,,H,,A
20213,04824601,47,1,1,668,E,130,D
20213,04826761,23,0,1,,H,,A
20213,04826761,23,1,1,115,G,100,D
20213,04826761,23,2,1,24,G,110,D
20213,04826761,23,3,1,35,G,120,D
20213,04826761,23,4,1,262,G,130,D
20213,04826761,23,5,1,4,G,140,D
20213,04826761,23,6,1,272,G,150,D
20213,04826761,23,7,1,34,G,160,D
20213,04826761,23,8,1,7,G,170,D
20213,04826761,23,9,1,100,G,180,D
20213,04826761,23,10,1,47,G,190,D
20213,04827541,55,0,1,,H,,A
20213,04827541,55,1,1,47,E,100,D
20213,04827541,55,2,1,15,E,110,D
20213,04827541,55,3,1,14,E,120,D
20213,04827541,55,4,1,2,E,140,D
20213,04827541,55,5,1,112,E,150,D
20213,04827541,55,6,1,14,E,160,D
20213,04827541,55,7,1,2,E,170,D
20213,04827541,55,8,1,41,E,180,D
20213,04827541,55,9,1,19,E,190,D
20213,04828341,84,0,1,,H,,A
20213,04828341,84,1,1,589,E,100,D
20213,04828341,84,2,1,128,E,110,D
20213,04828341,84,3,1,181,E,120,D
20213,04828341,84,4,1,1314,E,130,D
20213,04828341,84,5,1,24,E,140,D
20213,04828341,84,6,1,1393,E,150,D
20213,04828341,84,7,1,178,E,160,D
20213,04828341,84,8,1,36,E,170,D
20213,04828341,84,9,1,515,E,180,D
20213,04828341,84,10,1,242,E,190,D
20213,04832011,24,0,1,,H,,A
20213,04832011,24,1,1,125,E,120,D
20213,04832011,24,2,1,16,E,140,D
20213,04832011,24,3,1,402,E,150,D
20213,04832011,24,4,1,187,E,170,D
20213,04832011,24,5,1,68,E,190,D
20213,04834981,32,0,1,,H,,A
20213,04834981,32,1,1,38,E,120,D
20213,04834981,32,2,1,4,E,140,D
20213,04834981,32,3,1,270,E,150,D
20213,04834981,32,4,1,34,E,160,D
20213,04834981,32,5,1,7,E,170,D
20213,04834981,32,6,1,100,E,180,D
20213,04834981,32,7,1,47,E,190,D
20213,04835931,19,0,1,,H,,A
20213,04835931,19,1,1,158,E,100,D
20213,04835931,19,2,1,32,E,110,D
20213,04835931,19,3,1,47,E,120,D
20213,04835931,19,4,1,342,E,130,D
20213,04835931,19,5,1,6,E,140,D
20213,04835931,19,6,1,363,E,150,D
20213,04835931,19,7,1,46,E,160,D
20213,04835931,19,8,1,9,E,170,D
20213,04835931,19,9,1,134,E,180,D
20213,04835931,19,10,1,63,E,190,D
20213,04840661,23,0,1,,H,,A
20213,04840661,23,1,1,55,E,120,D
20213,04840661,23,2,1,7,E,140,D
20213,04840661,23,3,1,176,E,150,D
20213,04840661,23,4,1,82,E,170,D
20213,04840661,23,5,1,30,E,190,D
20213,04841611,56,0,1,,H,,A
20213,04841611,56,1,1,1200,E,130,D
20213,04844441,51,0,1,,H,,A
20213,04844441,51,1,1,29,E,100,D
20213,04844441,51,2,1,7,E,110,D
20213,04844441,51,3,1,64,E,130,D
20213,04845111,44,0,1,,H,,A
20213,04845111,44,1,1,120,E,100,D
20213,04845111,44,2,1,24,E,110,D
20213,04845111,44,3,1,35,E,120,D
20213,04845111,44,4,1,257,E,130,D
20213,04845111,44,5,1,4,E,140,D
20213,04845111,44,6,1,272,E,150,D
20213,04845111,44,7,1,34,E,160,D
20213,04845111,44,8,1,7,E,170,D
20213,04845111,44,9,1,100,E,180,D
20213,04845111,44,10,1,47,E,190,D
20214,04610354,27,0,1,,H,,A
20214,04610354,27,1,1,12,E,120,D
20214,04610354,27,2,1,2,E,140,D
20214,04610354,27,3,1,67,E,150,D
20214,04610354,27,4,1,13,E,160,D
20214,04610354,27,5,1,10,E,170,D
20214,04610354,27,6,1,4,E,180,D
20214,04610354,27,7,1,12,E,190,D
20214,04610474,52,0,1,,H,,A
20214,04610474,52,1,1,36,E,120,D
20214,04610474,52,2,1,5,E,140,D
20214,04610474,52,3,1,160,E,150,D
20214,04610474,52,4,1,31,E,160,D
20214,04610474,52,5,1,3,E,170,D
20214,04610474,52,6,1,15,E,190,D
20214,04611394,54,0,1,,H,,A
20214,04611394,54,1,1,225,E,130,D
20214,04612704,63,0,1,,H,,A
20214,04612704,63,1,1,129,E,120,D
20214,04612704,63,2,1,20,E,140,D
20214,04612704,63,3,1,878,E,150,D
20214,04612704,63,4,1,135,E,160,D
20214,04612704,63,5,1,63,E,170,D
20214,04612704,63,6,1,613,E,180,D
20214,04612704,63,7,1,152,E,190,D
20214,04616964,40,0,1,,H,,A
20214,04616964,40,1,1,1165,E,100,D
20214,04616964,40,2,1,391,E,110,D
20214,04616964,40,3,1,3819,U,130,D
20214,04616964,40,4,1,797,E,210,D
20214,04616964,40,5,1,540,E,220,D
20214,04654714,33,0,1,,H,,A
20214,04654714,33,1,1,80,E,120,D
20214,04654714,33,2,1,12,E,140,D
20214,04654714,33,3,1,529,E,150,D
20214,04654714,33,4,1,81,E,160,D
20214,04654714,33,5,1,38,E,170,D
20214,04654714,33,6,1,369,E,180,D
20214,04654714,33,7,1,91,E,190,D
20214,04658634,49,0,1,,H,,A
20214,04658634,49,1,1,17,E,120,D
20214,04658634,49,2,1,3,E,140,D
20214,04658634,49,3,1,82,E,150,D
20214,04658634,49,4,1,16,E,160,D
20214,04658634,49,5,1,12,E,170,D
20214,04658634,49,6,1,5,E,180,D
20214,04658634,49,7,1,15,E,190,D
20214,04663124,70,0,1,,H,,A
20214,04663124,70,1,1,1,E,120,D
20214,04663124,70,2,1,10,E,150,D
20214,04663124,70,3,1,1,E,190,D
20214,04682464,39,0,1,,H,,A
20214,04682464,39,1,1,111,E,120,D
20214,04682464,39,2,1,19,E,140,D
20214,04682464,39,3,1,614,E,150,D
20214,04682464,39,4,1,70,E,160,D
20214,04682464,39,5,1,28,E,180,D
20214,04682464,39,6,1,130,E,190,D
20214,04682654,27,0,1,,H,,A
20214,04682654,27,1,1,27,E,120,D
20214,04682654,27,2,1,4,E,140,D
20214,04682654,27,3,1,154,E,150,D
20214,04682654,27,4,1,17,E,160,D
20214,04682654,27,5,1,7,E,180,D
20214,04682654,27,6,1,31,E,190,D
20214,04683504,22,0,1,,H,,A
20214,04683504,22,1,1,405,E,100,D
20214,04683504,22,2,1,136,E,110,D
20214,04683504,22,3,1,216,E,120,D
20214,04683504,22,4,1,1048,E,130,D
20214,04683504,22,5,1,31,E,140,D
20214,04683504,22,6,1,996,E,150,D
20214,04683504,22,7,1,262,E,160,D
20214,04683504,22,8,1,98,E,170,D
20214,04683504,22,9,1,805,E,180,D
20214,04683504,22,10,1,148,E,190,D
20214,04683504,22,11,1,278,E,210,D
20214,04683504,22,12,1,188,E,220,D
20214,04685304,32,0,1,,H,,A
20214,04685304,32,1,1,62,E,120,D
20214,04685304,32,2,1,10,E,140,D
20214,04685304,32,3,1,328,E,150,D
20214,04685304,32,4,1,37,E,160,D
20214,04685304,32,5,1,15,E,180,D
20214,04685304,32,6,1,68,E,190,D
20214,04685894,41,0,1,,H,,A
20214,04685894,41,1,1,47,E,100,D
20214,04685894,41,2,1,11,E,110,D
20214,04685894,41,3,1,17,E,120,D
20214,04685894,41,4,1,115,E,130,D
20214,04685894,41,5,1,2,E,140,D
20214,04685894,41,6,1,124,E,150,D
20214,04685894,41,7,1,19,E,160,D
20214,04685894,41,8,1,8,E,170,D
20214,04685894,41,9,1,86,E,180,D
20214,04685894,41,10,1,21,E,190,D
20214,04687434,29,0,1,,H,,A
20214,04687434,29,1,1,35,E,100,D
20214,04687434,29,2,1,9,E,110,D
20214,04687434,29,3,1,19,E,120,D
20214,04687434,29,4,1,3,E,140,D
20214,04687434,29,5,1,84,E,150,D
20214,04687434,29,6,1,17,E,160,D
20214,04687434,29,7,1,13,E,170,D
20214,04687434,29,8,1,5,E,180,D
20214,04687434,29,9,1,15,E,190,D
20214,04688714,30,0,1,,H,,A
20214,04688714,30,1,1,68,E,120,D
20214,04688714,30,2,1,11,E,140,D
20214,04688714,30,3,1,363,E,150,D
20214,04688714,30,4,1,41,E,160,D
20214,04688714,30,5,1,16,E,180,D
20214,04688714,30,6,1,76,E,190,D
20214,04689104,62,0,1,,H,,A
20214,04689104,62,1,1,140,E,120,D
20214,04689104,62,2,1,22,E,140,D
20214,04689104,62,3,1,970,E,150,D
20214,04689104,62,4,1,150,E,160,D
20214,04689104,62,5,1,69,E,170,D
20214,04689104,62,6,1,677,E,180,D
20214,04689104,62,7,1,172,E,190,D
20214,04740453,22,0,1,,H,,A
20214,04740453,22,1,1,59,E,120,D
20214,04740453,22,2,1,11,E,140,D
20214,04740453,22,3,1,557,E,150,D
20214,04740453,22,4,1,20,E,160,D
20214,04740453,22,5,1,11,E,170,D
20214,04740453,22,6,1,60,E,190,D
20214,04741013,30,0,1,,H,,A
20214,04741013,30,1,1,81,E,100,D
20214,04741013,30,2,1,28,E,110,D
20214,04741013,30,3,1,71,E,210,D
20214,04741013,30,4,1,120,E,220,D
20214,04741573,49,0,1,,H,,A
20214,04741573,49,1,1,36,E,100,D
20214,04741573,49,2,1,11,E,110,D
20214,04741573,49,3,1,17,E,120,D
20214,04741573,49,4,1,2,E,140,D
20214,04741573,49,5,1,80,E,150,D
20214,04741573,49,6,1,21,E,160,D
20214,04741573,49,7,1,7,E,170,D
20214,04741573,49,8,1,65,E,180,D
20214,04741573,49,9,1,11,E,190,D
20214,04742973,39,0,1,,H,,A
20214,04742973,39,1,1,424,E,100,D
20214,04742973,39,2,1,104,E,110,D
20214,04742973,39,3,1,159,E,120,D
20214,04742973,39,4,1,975,E,130,D
20214,04742973,39,5,1,25,E,140,D
20214,04742973,39,6,1,1103,E,150,D
20214,04742973,39,7,1,170,E,160,D
20214,04742973,39,8,1,79,E,170,D
20214,04742973,39,9,1,770,E,180,D
20214,04742973,39,10,1,191,E,190,D
20214,04747023,21,0,1,,H,,A
20214,04747023,21,1,1,30,E,120,D
20214,04747023,21,2,1,202,E,130,D
20214,04747023,21,3,1,5,E,140,D
20214,04747023,21,4,1,245,E,150,D
20214,04747023,21,5,1,9,E,160,D
20214,04747023,21,6,1,5,E,170,D
20214,04747023,21,7,1,26,E,190,D
20214,04747023,21,8,1,39,E,210,D
20214,04747023,21,9,1,39,E,220,D
20214,04758333,66,0,1,,H,,A
20214,04758333,66,1,1,76,E,120,D
20214,04758333,66,2,1,16,E,140,D
20214,04758333,66,3,1,529,E,150,D
20214,04758333,66,4,1,81,E,160,D
20214,04758333,66,5,1,38,E,170,D
20214,04758333,66,6,1,369,E,180,D
20214,04758333,66,7,1,91,E,190,D
20214,04758363,45,0,1,,H,,A
20214,04758363,45,1,1,144,E,120,D
20214,04758363,45,2,1,20,E,140,D
20214,04758363,45,3,1,663,E,150,D
20214,04758363,45,4,1,174,E,160,D
20214,04758363,45,5,1,65,E,170,D
20214,04758363,45,6,1,536,E,180,D
20214,04758363,45,7,1,98,E,190,D
20214,04759713,36,0,1,,H,,A
20214,04759713,36,1,1,36,E,100,D
20214,04759713,36,2,1,9,E,110,D
20214,04759713,36,3,1,15,E,120,D
20214,04759713,36,4,1,2,E,140,D
20214,04759713,36,5,1,85,E,150,D
20214,04759713,36,6,1,9,E,160,D
20214,04759713,36,7,1,4,E,180,D
20214,04759713,36,8,1,17,E,190,D
20214,04762093,59,0,1,,H,,A
20214,04762093,59,1,1,29,E,120,D
20214,04762093,59,2,1,5,E,140,D
20214,04762093,59,3,1,272,E,150,D
20214,04762093,59,4,1,10,E,160,D
20214,04762093,59,5,1,5,E,170,D
20214,04762093,59,6,1,29,E,190,D
20214,04767113,72,0,1,,H,,A
20214,04767113,72,1,1,41,E,120,D
20214,04767113,72,2,1,12,E,140,D
20214,04767113,72,3,1,221,E,150,D
20214,04767113,72,4,1,44,E,160,D
20214,04767113,72,5,1,34,E,170,D
20214,04767113,72,6,1,13,E,180,D
20214,04767113,72,7,1,41,E,190,D
20214,04818622,29,0,1,,H,,A
20214,04818622,29,1,1,38,E,210,D
20214,04818622,29,2,1,32,E,220,D
20214,04821283,12,0,1,,H,,A
20214,04821283,12,1,1,35,E,100,D
20214,04821283,12,2,1,11,E,110,D
20214,04821283,12,3,1,20,E,120,D
20214,04821283,12,4,1,3,E,140,D
20214,04821283,12,5,1,100,E,150,D
20214,04821283,12,6,1,20,E,160,D
20214,04821283,12,7,1,2,E,170,D
20214,04821283,12,8,1,9,E,190,D
20214,04822032,30,0,1,,H,,A
20214,04822032,30,1,1,41,E,100,D
20214,04822032,30,2,1,13,E,110,D
20214,04822032,30,3,1,26,E,120,D
20214,04822032,30,4,1,107,E,130,D
20214,04822032,30,5,1,3,E,140,D
20214,04822032,30,6,1,102,E,150,D
20214,04822032,30,7,1,26,E,160,D
20214,04822032,30,8,1,10,E,170,D
20214,04822032,30,9,1,82,E,180,D
20214,04822032,30,10,1,15,E,190,D
20214,04826122,29,0,1,,H,,A
20214,04826122,29,1,1,327,E,100,D
20214,04826122,29,2,1,102,E,110,D
20214,04826122,29,3,1,185,E,210,D
20214,04826122,29,4,1,186,E,220,D
20214,04827282,36,0,1,,H,,A
20214,04827282,36,1,1,60,E,120,D
20214,04827282,36,2,1,9,E,140,D
20214,04827282,36,3,1,315,E,150,D
20214,04827282,36,4,1,36,E,160,D
20214,04827282,36,5,1,14,E,180,D
20214,04827282,36,6,1,66,E,190,D
20214,04828402,39,0,1,,H,,A
20214,04828402,39,1,1,104,E,120,D
20214,04828402,39,2,1,21,E,140,D
20214,04828402,39,3,1,506,E,150,D
20214,04828402,39,4,1,101,E,160,D
20214,04828402,39,5,1,10,E,170,D
20214,04828402,39,6,1,48,E,190,D
20214,04832012,26,0,1,,H,,A
20214,04832012,26,1,1,126,E,120,D
20214,04832012,26,2,1,24,E,140,D
20214,04832012,26,3,1,612,E,150,D
20214,04832012,26,4,1,122,E,160,D
20214,04832012,26,5,1,12,E,170,D
20214,04832012,26,6,1,58,E,190,D
20214,04836902,14,0,1,,H,,A
20214,04836902,14,1,1,62,E,100,D
20214,04836902,14,2,1,21,E,110,D
20214,04836902,14,3,1,28,E,120,D
20214,04836902,14,4,1,145,E,130,D
20214,04836902,14,5,1,5,E,140,D
20214,04836902,14,6,1,150,E,150,D
20214,04836902,14,7,1,30,E,160,D
20214,04836902,14,8,1,23,E,170,D
20214,04836902,14,9,1,9,E,180,D
20214,04836902,14,10,1,27,E,190,D
20214,04836922,38,0,1,,H,,A
20214,04836922,38,1,1,25,E,100,D
20214,04836922,38,2,1,6,E,110,D
20214,04836922,38,3,1,13,E,120,D
20214,04836922,38,4,1,1,E,140,D
20214,04836922,38,5,1,65,E,150,D
20214,04836922,38,6,1,10,E,160,D
20214,04836922,38,7,1,4,E,170,D
20214,04836922,38,8,1,45,E,180,D
20214,04836922,38,9,1,11,E,190,D
20214,04838463,31,0,1,,H,,A
20214,04838463,31,1,1,63,E,120,D
20214,04838463,31,2,1,10,E,140,D
20214,04838463,31,3,1,444,E,150,D
20214,04838463,31,4,1,68,E,160,D
20214,04838463,31,5,1,31,E,170,D
20214,04838463,31,6,1,308,E,180,D
20214,04838463,31,7,1,76,E,190,D
20214,04838692,40,0,1,,H,,A
20214,04838692,40,1,1,150,E,130,D
20214,04838972,56,0,1,,H,,A
20214,04838972,56,1,1,310,E,130,D
20214,04842872,77,0,1,,H,,A
20214,04842872,77,1,1,200,E,130,D
20214,04843002,23,0,1,,H,,A
20214,04843002,23,1,1,15,E,120,D
20214,04843002,23,2,1,5,E,140,D
20214,04843002,23,3,1,72,E,150,D
20214,04843002,23,4,1,19,E,160,D
20214,04843002,23,5,1,7,E,170,D
20214,04843002,23,6,1,58,E,180,D
20214,04843002,23,7,1,10,E,190,D
20214,04848002,13,0,1,,H,,A
20214,04848002,13,1,1,102,E,120,D
20214,04848002,13,2,1,20,E,140,D
20214,04848002,13,3,1,546,E,150,D
20214,04848002,13,4,1,109,E,160,D
20214,04848002,13,5,1,89,E,170,D
20214,04848002,13,6,1,33,E,180,D
20214,04848002,13,7,1,101,E,190,D
20214,04848022,7,0,1,,H,,A
20214,04848022,7,1,1,55,E,120,D
20214,04848022,7,2,1,9,E,140,D
20214,04848022,7,3,1,256,E,150,D
20214,04848022,7,4,1,51,E,160,D
20214,04848022,7,5,1,5,E,170,D
20214,04848022,7,6,1,24,E,190,D
20214,04897751,44,0,1,,H,,A
20214,04897751,44,1,1,188,E,100,D
20214,04897751,44,2,1,46,E,110,D
20214,04897751,44,3,1,76,E,120,D
20214,04897751,44,4,1,437,E,130,D
20214,04897751,44,5,1,11,E,140,D
20214,04897751,44,6,1,494,E,150,D
20214,04897751,44,7,1,76,E,160,D
20214,04897751,44,8,1,35,E,170,D
20214,04897751,44,9,1,345,E,180,D
20214,04897751,44,10,1,85,E,190,D
20214,04897751,44,11,1,112,E,210,D
20214,04897751,44,12,1,95,E,220,D
20214,04899151,21,0,1,,H,,A
20214,04899151,21,1,1,75,E,100,D
20214,04899151,21,2,1,18,E,110,D
20214,04899151,21,3,1,31,E,120,D
20214,04899151,21,4,1,6,E,140,D
20214,04899151,21,5,1,169,E,150,D
20214,04899151,21,6,1,34,E,160,D
20214,04899151,21,7,1,26,E,170,D
20214,04899151,21,8,1,10,E,180,D
20214,04899151,21,9,1,31,E,190,D
20214,04899504,20,0,1,,H,,A
20214,04899504,20,1,1,153,E,100,D
20214,04899504,20,2,1,54,E,110,D
20214,04899504,20,3,1,393,E,130,D
20214,04899791,13,0,1,,H,,A
20214,04899791,13,1,1,183,E,100,D
20214,04899791,13,2,1,54,E,110,D
20214,04899791,13,3,1,87,E,120,D
20214,04899791,13,4,1,15,E,140,D
20214,04899791,13,5,1,483,E,150,D
20214,04899791,13,6,1,55,E,160,D
20214,04899791,13,7,1,22,E,180,D
20214,04899791,13,8,1,101,E,190,D
20214,04901871,37,0,1,,H,,A
20214,04901871,37,1,1,63,E,100,D
20214,04901871,37,2,1,15,E,110,D
20214,04901871,37,3,1,29,E,120,D
20214,04901871,37,4,1,146,E,130,D
20214,04901871,37,5,1,3,E,140,D
20214,04901871,37,6,1,165,E,150,D
20214,04901871,37,7,1,25,E,160,D
20214,04901871,37,8,1,11,E,170,D
20214,04901871,37,9,1,115,E,180,D
20214,04901871,37,10,1,28,E,190,D
20214,04903221,60,0,1,,H,,A
20214,04903221,60,1,1,55,E,100,D
20214,04903221,60,2,1,21,E,110,D
20214,04903221,60,3,1,26,E,120,D
20214,04903221,60,4,1,135,E,130,D
20214,04903221,60,5,1,4,E,140,D
20214,04903221,60,6,1,149,E,150,D
20214,04903221,60,7,1,17,E,160,D
20214,04903221,60,8,1,6,E,180,D
20214,04903221,60,9,1,31,E,190,D
20214,04909291,22,0,1,,H,,A
20214,04909291,22,1,1,81,E,120,D
20214,04909291,22,2,1,13,E,140,D
20214,04909291,22,3,1,432,E,150,D
20214,04909291,22,4,1,49,E,160,D
20214,04909291,22,5,1,20,E,180,D
20214,04909291,22,6,1,90,E,190,D
20214,04912181,39,0,1,,H,,A
20214,04912181,39,1,1,115,E,100,D
20214,04912181,39,2,1,28,E,110,D
20214,04912181,39,3,1,50,E,120,D
20214,04912181,39,4,1,268,E,130,D
20214,04912181,39,5,1,6,E,140,D
20214,04912181,39,6,1,303,E,150,D
20214,04912181,39,7,1,46,E,160,D
20214,04912181,39,8,1,21,E,170,D
20214,04912181,39,9,1,211,E,180,D
20214,04912181,39,10,1,52,E,190,D
20214,04912401,27,0,1,,H,,A
20214,04912401,27,1,1,162,E,100,D
20214,04912401,27,2,1,57,E,110,D
20214,04912401,27,3,1,112,E,120,D
20214,04912401,27,4,1,419,E,130,D
20214,04912401,27,5,1,18,E,140,D
20214,04912401,27,6,1,517,E,150,D
20214,04912401,27,7,1,103,E,160,D
20214,04912401,27,8,1,10,E,170,D
20214,04912401,27,9,1,49,E,190,D
20214,04912401,27,10,1,144,E,210,D
20214,04912401,27,11,1,243,E,220,D
20214,04913291,12,0,1,,H,,A
20214,04913291,12,1,1,55,E,120,D
20214,04913291,12,2,1,9,E,140,D
20214,04913291,12,3,1,256,E,150,D
20214,04913291,12,4,1,51,E,160,D
20214,04913291,12,5,1,5,E,170,D
20214,04913291,12,6,1,24,E,190,D
20214,04918073,30,0,1,,H,,A
20214,04918073,30,1,1,42,E,120,D
20214,04918073,30,2,1,6,E,140,D
20214,04918073,30,3,1,264,E,150,D
20214,04918073,30,4,1,40,E,160,D
20214,04918073,30,5,1,19,E,170,D
20214,04918073,30,6,1,184,E,180,D
20214,04918073,30,7,1,45,E,190,D
20214,04918821,45,0,1,,H,,A
20214,04918821,45,1,1,34,E,120,D
20214,04918821,45,2,1,5,E,140,D
20214,04918821,45,3,1,220,E,150,D
20214,04918821,45,4,1,34,E,160,D
20214,04918821,45,5,1,15,E,170,D
20214,04918821,45,6,1,154,E,180,D
20214,04918821,45,7,1,38,E,190,D
20214,04921351,22,0,1,,H,,A
20214,04921351,22,1,1,180,E,130,D
20214,04923521,45,0,1,,H,,A
20214,04923521,45,1,1,249,E,100,D
20214,04923521,45,2,1,76,E,110,D
20214,04923521,45,3,1,125,E,120,D
20214,04923521,45,4,1,611,E,130,D
20214,04923521,45,5,1,21,E,140,D
20214,04923521,45,6,1,671,E,150,D
20214,04923521,45,7,1,76,E,160,D
20214,04923521,45,8,1,31,E,180,D
20214,04923521,45,9,1,140,E,190,D
20221,04736714,32,0,1,,H,,A
20221,04736714,32,1,1,45,E,120,D
20221,04736714,32,2,1,4,E,140,D
20221,04736714,32,3,1,246,E,150,D
20221,04736714,32,4,1,36,E,160,D
20221,04736714,32,5,1,44,E,170,D
20221,04736714,32,6,1,406,E,180,D
20221,04736714,32,7,1,39,E,190,D
20221,04736714,32,8,1,55,E,210,D
20221,04736714,32,9,1,65,E,220,D
20221,04742744,37,0,1,,H,,A
20221,04742744,37,1,1,57,E,120,D
20221,04742744,37,2,1,10,E,140,D
20221,04742744,37,3,1,423,E,150,D
20221,04742744,37,4,1,67,E,160,D
20221,04742744,37,5,1,62,E,170,D
20221,04742744,37,6,1,905,E,180,D
20221,04742744,37,7,1,76,E,190,D
20221,04745844,47,0,1,,H,,A
20221,04745844,47,1,1,29,E,120,D
20221,04745844,47,2,1,3,E,140,D
20221,04745844,47,3,1,184,E,150,D
20221,04745844,47,4,1,26,E,160,D
20221,04745844,47,5,1,32,E,170,D
20221,04745844,47,6,1,297,E,180,D
20221,04745844,47,7,1,29,E,190,D
20221,04746704,43,0,1,,H,,A
20221,04746704,43,1,1,42,E,120,D
20221,04746704,43,2,1,194,E,130,D
20221,04746704,43,3,1,8,E,140,D
20221,04746704,43,4,1,269,E,150,D
20221,04746704,43,5,1,20,E,160,D
20221,04746704,43,6,1,43,E,170,D
20221,04746704,43,7,1,44,E,190,D
20221,04750984,36,0,1,,H,,A
20221,04750984,36,1,1,150,E,130,D
20221,04754154,35,0,1,,H,,A
20221,04754154,35,1,1,56,E,120,D
20221,04754154,35,2,1,6,E,140,D
20221,04754154,35,3,1,484,E,150,D
20221,04754154,35,4,1,56,E,160,D
20221,04754154,35,5,1,12,E,170,D
20221,04754154,35,6,1,253,E,180,D
20221,04754154,35,7,1,33,E,190,D
20221,04755834,37,0,1,,H,,A
20221,04755834,37,1,1,19,E,120,D
20221,04755834,37,2,1,3,E,140,D
20221,04755834,37,3,1,112,E,150,D
20221,04755834,37,4,1,20,E,160,D
20221,04755834,37,5,1,8,E,170,D
20221,04755834,37,6,1,24,E,190,D
20221,04758334,71,0,1,,H,,A
20221,04758334,71,1,1,38,E,120,D
20221,04758334,71,2,1,7,E,140,D
20221,04758334,71,3,1,308,E,150,D
20221,04758334,71,4,1,48,E,160,D
20221,04758334,71,5,1,45,E,170,D
20221,04758334,71,6,1,652,E,180,D
20221,04758334,71,7,1,55,E,190,D
20221,04762684,23,0,1,,H,,A
20221,04762684,23,1,1,31,E,120,D
20221,04762684,23,2,1,8,E,140,D
20221,04762684,23,3,1,291,E,150,D
20221,04762684,23,4,1,34,E,160,D
20221,04762684,23,5,1,7,E,170,D
20221,04762684,23,6,1,152,E,180,D
20221,04762684,23,7,1,19,E,190,D
20221,04764344,50,0,1,,H,,A
20221,04764344,50,1,1,69,E,100,D
20221,04764344,50,2,1,17,E,110,D
20221,04764344,50,3,1,23,E,120,D
20221,04764344,50,4,1,154,E,130,D
20221,04764344,50,5,1,4,E,140,D
20221,04764344,50,6,1,180,E,150,D
20221,04764344,50,7,1,28,E,160,D
20221,04764344,50,8,1,26,E,170,D
20221,04764344,50,9,1,386,E,180,D
20221,04764344,50,10,1,32,E,190,D
20221,04764344,50,11,1,35,E,210,D
20221,04764344,50,12,1,46,E,220,D
20221,04766714,21,0,1,,H,,A
20221,04766714,21,1,1,38,E,120,D
20221,04766714,21,2,1,4,E,140,D
20221,04766714,21,3,1,177,E,150,D
20221,04766714,21,4,1,53,E,160,D
20221,04766714,21,5,1,14,E,170,D
20221,04766714,21,6,1,14,E,190,D
20221,04817713,32,0,1,,H,,A
20221,04817713,32,1,1,400,E,130,D
20221,04822033,33,0,1,,H,,A
20221,04822033,33,1,1,363,E,130,D
20221,04823833,36,0,1,,H,,A
20221,04823833,36,1,1,24,E,100,D
20221,04823833,36,2,1,5,E,110,D
20221,04823833,36,3,1,16,E,210,D
20221,04823833,36,4,1,19,E,220,D
20221,04824593,45,0,1,,H,,A
20221,04824593,45,1,1,10,E,120,D
20221,04824593,45,2,1,1,E,140,D
20221,04824593,45,3,1,83,E,150,D
20221,04824593,45,4,1,12,E,160,D
20221,04824593,45,5,1,11,E,170,D
20221,04824593,45,6,1,169,E,180,D
20221,04824593,45,7,1,14,E,190,D
20221,04825363,34,0,1,,H,,A
20221,04825363,34,1,1,27,E,120,D
20221,04825363,34,2,1,8,E,140,D
20221,04825363,34,3,1,175,E,150,D
20221,04825363,34,4,1,13,E,160,D
20221,04825363,34,5,1,28,E,170,D
20221,04825363,34,6,1,29,E,190,D
20221,04831703,36,0,1,,H,,A
20221,04831703,36,1,1,29,E,120,D
20221,04831703,36,2,1,3,E,140,D
20221,04831703,36,3,1,269,E,150,D
20221,04831703,36,4,1,31,E,160,D
20221,04831703,36,5,1,7,E,170,D
20221,04831703,36,6,1,140,E,180,D
20221,04831703,36,7,1,21,E,190,D
20221,04833833,15,0,1,,H,,A
20221,04833833,15,1,1,124,E,100,D
20221,04833833,15,2,1,17,E,110,D
20221,04833833,15,3,1,26,E,120,D
20221,04833833,15,4,1,3,E,140,D
20221,04833833,15,5,1,252,E,150,D
20221,04833833,15,6,1,28,E,160,D
20221,04833833,15,7,1,6,E,170,D
20221,04833833,15,8,1,128,E,180,D
20221,04833833,15,9,1,16,E,190,D
20221,04842243,19,0,1,,H,,A
20221,04842243,19,1,1,141,E,120,D
20221,04842243,19,2,1,24,E,140,D
20221,04842243,19,3,1,601,E,150,D
20221,04842243,19,4,1,276,E,160,D
20221,04842243,19,5,1,3,E,170,D
20221,04842243,19,6,1,205,E,190,D
20221,04843813,25,0,1,,H,,A
20221,04843813,25,1,1,39,E,120,D
20221,04843813,25,2,1,168,E,130,D
20221,04843813,25,3,1,6,E,140,D
20221,04843813,25,4,1,200,E,150,D
20221,04843813,25,5,1,36,E,160,D
20221,04843813,25,6,1,14,E,170,D
20221,04843813,25,7,1,37,E,190,D
20221,04844443,67,0,1,,H,,A
20221,04844443,67,1,1,245,E,120,D
20221,04844443,67,2,1,1188,E,130,D
20221,04844443,67,3,1,25,E,140,D
20221,04844443,67,4,1,1513,E,150,D
20221,04844443,67,5,1,225,E,160,D
20221,04844443,67,6,1,273,E,170,D
20221,04844443,67,7,1,2492,E,180,D
20221,04844443,67,8,1,249,E,190,D
20221,04846153,29,0,1,,H,,A
20221,04846153,29,1,1,41,E,120,D
20221,04846153,29,2,1,4,E,140,D
20221,04846153,29,3,1,241,E,150,D
20221,04846153,29,4,1,35,E,160,D
20221,04846153,29,5,1,43,E,170,D
20221,04846153,29,6,1,397,E,180,D
20221,04846153,29,7,1,39,E,190,D
20221,04846983,42,0,1,,H,,A
20221,04846983,42,1,1,11,E,120,D
20221,04846983,42,2,1,1,E,140,D
20221,04846983,42,3,1,72,E,150,D
20221,04846983,42,4,1,10,E,160,D
20221,04846983,42,5,1,13,E,170,D
20221,04846983,42,6,1,119,E,180,D
20221,04846983,42,7,1,14,E,190,D
20221,04847663,22,0,1,,H,,A
20221,04847663,22,1,1,44,E,120,D
20221,04847663,22,2,1,7,E,140,D
20221,04847663,22,3,1,317,E,150,D
20221,04847663,22,4,1,50,E,160,D
20221,04847663,22,5,1,47,E,170,D
20221,04847663,22,6,1,678,E,180,D
20221,04847663,22,7,1,57,E,190,D
20221,04900392,21,0,1,,H,,A
20221,04900392,21,1,1,336,E,210,D
20221,04900392,21,2,1,164,E,220,D
20221,04907322,9,0,1,,H,,A
20221,04907322,9,1,1,20,E,100,D
20221,04907322,9,2,1,11,E,110,D
20221,04907322,9,3,1,10,E,120,D
20221,04907322,9,4,1,52,E,130,D
20221,04907322,9,5,1,1,E,140,D
20221,04907322,9,6,1,66,E,150,D
20221,04907322,9,7,1,9,E,160,D
20221,04907322,9,8,1,12,E,170,D
20221,04907322,9,9,1,109,E,180,D
20221,04907322,9,10,1,10,E,190,D
20221,04908812,41,0,1,,H,,A
20221,04908812,41,1,1,67,E,120,D
20221,04908812,41,2,1,10,E,140,D
20221,04908812,41,3,1,268,E,150,D
20221,04908812,41,4,1,123,E,160,D
20221,04908812,41,5,1,1,E,170,D
20221,04908812,41,6,1,91,E,190,D
20221,04909292,31,0,1,,H,,A
20221,04909292,31,1,1,48,E,120,D
20221,04909292,31,2,1,5,E,140,D
20221,04909292,31,3,1,305,E,150,D
20221,04909292,31,4,1,44,E,160,D
20221,04909292,31,5,1,54,E,170,D
20221,04909292,31,6,1,496,E,180,D
20221,04909292,31,7,1,48,E,190,D
20221,04909602,43,0,1,,H,,A
20221,04909602,43,1,1,120,E,100,D
20221,04909602,43,2,1,30,E,110,D
20221,04913612,24,0,1,,H,,A
20221,04913612,24,1,1,24,E,120,D
20221,04913612,24,2,1,92,E,130,D
20221,04913612,24,3,1,3,E,140,D
20221,04913612,24,4,1,130,E,150,D
20221,04913612,24,5,1,10,E,160,D
20221,04913612,24,6,1,20,E,170,D
20221,04913612,24,7,1,21,E,190,D
20221,04914692,43,0,1,,H,,A
20221,04914692,43,1,1,29,E,120,D
20221,04914692,43,2,1,3,E,140,D
20221,04914692,43,3,1,184,E,150,D
20221,04914692,43,4,1,26,E,160,D
20221,04914692,43,5,1,32,E,170,D
20221,04914692,43,6,1,297,E,180,D
20221,04914692,43,7,1,29,E,190,D
20221,04916472,39,0,1,,H,,A
20221,04916472,39,1,1,26,E,120,D
20221,04916472,39,2,1,6,E,140,D
20221,04916472,39,3,1,242,E,150,D
20221,04916472,39,4,1,28,E,160,D
20221,04916472,39,5,1,6,E,170,D
20221,04916472,39,6,1,126,E,180,D
20221,04916472,39,7,1,16,E,190,D
20221,04916562,37,0,1,,C,,A
20221,04918822,50,0,1,,H,,A
20221,04918822,50,1,1,34,E,120,D
20221,04918822,50,2,1,6,E,140,D
20221,04918822,50,3,1,251,E,150,D
20221,04918822,50,4,1,40,E,160,D
20221,04918822,50,5,1,37,E,170,D
20221,04918822,50,6,1,537,E,180,D
20221,04918822,50,7,1,45,E,190,D
20221,04922902,63,0,1,,H,,A
20221,04922902,63,1,1,3187,E,100,D
20221,04922902,63,2,1,448,E,110,D
20221,04922902,63,3,1,690,E,120,D
20221,04922902,63,4,1,3819,U,130,D
20221,04922902,63,5,1,90,E,140,D
20221,04922902,63,6,1,6317,E,150,D
20221,04922902,63,7,1,739,E,160,D
20221,04922902,63,8,1,165,E,170,D
20221,04922902,63,9,1,3303,E,180,D
20221,04922902,63,10,1,430,E,190,D
20221,04927322,42,0,1,,H,,A
20221,04927322,42,1,1,4,E,120,D
20221,04927322,42,2,1,13,E,150,D
20221,04927322,42,3,1,2,E,160,D
20221,04927322,42,4,1,1,E,170,D
20221,04927322,42,5,1,28,E,180,D
20221,04927322,42,6,1,2,E,190,D
20221,04929002,27,0,1,,H,,A
20221,04929002,27,1,1,441,E,100,D
20221,04929002,27,2,1,112,E,110,D
20221,04929002,27,3,1,145,E,120,D
20221,04929002,27,4,1,27,E,140,D
20221,04929002,27,5,1,1149,E,150,D
20221,04929002,27,6,1,182,E,160,D
20221,04929002,27,7,1,169,E,170,D
20221,04929002,27,8,1,2443,E,180,D
20221,04929002,27,9,1,206,E,190,D
20221,04929002,27,10,1,224,E,210,D
20221,04929002,27,11,1,292,E,220,D
20221,04930921,20,0,1,,H,,A
20221,04930921,20,1,1,1,E,100,D
20221,04930921,20,2,1,2,E,130,D
20221,04930921,20,3,1,6,E,150,D
20221,04930921,20,4,1,1,E,180,D
20221,04933891,31,0,1,,H,,A
20221,04933891,31,1,1,38,E,100,D
20221,04933891,31,2,1,16,E,110,D
20221,04933891,31,3,1,33,E,120,D
20221,04933891,31,4,1,143,E,130,D
20221,04933891,31,5,1,3,E,140,D
20221,04933891,31,6,1,130,E,150,D
20221,04933891,31,7,1,39,E,160,D
20221,04933891,31,8,1,10,E,170,D
20221,04933891,31,9,1,10,E,190,D
20221,04933891,31,10,1,48,E,210,D
20221,04933891,31,11,1,30,E,220,D
20221,04935021,46,0,1,,H,,A
20221,04935021,46,1,1,421,E,100,D
20221,04935021,46,2,1,107,E,110,D
20221,04935021,46,3,1,139,E,120,D
20221,04935021,46,4,1,892,E,130,D
20221,04935021,46,5,1,26,E,140,D
20221,04935021,46,6,1,1091,E,150,D
20221,04935021,46,7,1,174,E,160,D
20221,04935021,46,8,1,162,E,170,D
20221,04935021,46,9,1,2335,E,180,D
20221,04935021,46,10,1,203,E,190,D
20221,04935261,21,0,1,,H,,A
20221,04935261,21,1,1,800,E,130,D
20221,04937731,29,0,1,,H,,A
20221,04937731,29,1,1,298,E,100,D
20221,04937731,29,2,1,75,E,110,D
20221,04937731,29,3,1,627,E,130,D
20221,04939931,51,0,1,,H,,A
20221,04939931,51,1,1,30,E,120,D
20221,04939931,51,2,1,5,E,140,D
20221,04939931,51,3,1,211,E,150,D
20221,04939931,51,4,1,33,E,160,D
20221,04939931,51,5,1,31,E,170,D
20221,04939931,51,6,1,452,E,180,D
20221,04939931,51,7,1,38,E,190,D
20221,04941161,37,0,1,,H,,A
20221,04941161,37,1,1,5,E,120,D
20221,04941161,37,2,1,1,E,140,D
20221,04941161,37,3,1,50,E,150,D
20221,04941161,37,4,1,7,E,160,D
20221,04941161,37,5,1,6,E,170,D
20221,04941161,37,6,1,99,E,180,D
20221,04941161,37,7,1,8,E,190,D
20221,04943301,11,0,1,,H,,A
20221,04943301,11,1,1,124,E,100,D
20221,04943301,11,2,1,17,E,110,D
20221,04943301,11,3,1,26,E,120,D
20221,04943301,11,4,1,9,E,140,D
20221,04943301,11,5,1,246,E,150,D
20221,04943301,11,6,1,28,E,160,D
20221,04943301,11,7,1,6,E,170,D
20221,04943301,11,8,1,128,E,180,D
20221,04943301,11,9,1,16,E,190,D
20221,04943611,18,0,1,,H,,A
20221,04943611,18,1,1,119,E,100,D
20221,04943611,18,2,1,30,E,110,D
20221,04943611,18,3,1,251,E,130,D
20221,04945941,2,0,1,,H,,A
20221,04945941,2,1,1,229,E,120,D
20221,04945941,2,2,1,38,E,140,D
20221,04945941,2,3,1,958,E,150,D
20221,04945941,2,4,1,441,E,160,D
20221,04945941,2,5,1,6,E,170,D
20221,04945941,2,6,1,328,E,190,D
20221,04947181,26,0,1,,C,,A
20221,04950561,29,0,1,,H,,A
20221,04950561,29,1,1,15,E,120,D
20221,04950561,29,2,1,1,E,140,D
20221,04950561,29,3,1,98,E,150,D
20221,04950561,29,4,1,13,E,160,D
20221,04950561,29,5,1,16,E,170,D
20221,04950561,29,6,1,154,E,180,D
20221,04950561,29,7,1,15,E,190,D
20221,04953311,20,0,1,,H,,A
20221,04953311,20,1,1,54,E,120,D
20221,04953311,20,2,1,8,E,140,D
20221,04953311,20,3,1,215,E,150,D
20221,04953311,20,4,1,99,E,160,D
20221,04953311,20,5,1,1,E,170,D
20221,04953311,20,6,1,73,E,190,D
20221,04954884,19,0,1,,H,,A
20221,04954884,19,1,1,42,E,120,D
20221,04954884,19,2,1,184,E,130,D
20221,04954884,19,3,1,7,E,140,D
20221,04954884,19,4,1,220,E,150,D
20221,04954884,19,5,1,40,E,160,D
20221,04954884,19,6,1,16,E,170,D
20221,04954884,19,7,1,41,E,190,D
20221,04955191,12,0,1,,H,,A
20221,04955191,12,1,1,141,G,100,D
20221,04955191,12,2,1,19,G,110,D
20221,04955191,12,3,1,30,G,120,D
20221,04955191,12,4,1,205,G,130,D
20221,04955191,12,5,1,4,G,140,D
20221,04955191,12,6,1,285,G,150,D
20221,04955191,12,7,1,32,G,160,D
20221,04955191,12,8,1,7,G,170,D
20221,04955191,12,9,1,146,G,180,D
20221,04955191,12,10,1,19,G,190,D
20221,04955191,12,11,1,54,G,210,D
20221,04955191,12,12,1,58,G,220,D
20221,04955651,24,0,1,,H,,A
20221,04955651,24,1,1,18,E,120,D
20221,04955651,24,2,1,1,E,140,D
20221,04955651,24,3,1,78,E,150,D
20221,04955651,24,4,1,11,E,160,D
20221,04955651,24,5,1,14,E,170,D
20221,04955651,24,6,1,129,E,180,D
20221,04955651,24,7,1,12,E,190,D
20221,04955651,24,8,1,17,E,210,D
20221,04955651,24,9,1,20,E,220,D
20221,04956221,39,0,1,,H,,A
20221,04956221,39,1,1,20,E,120,D
20221,04956221,39,2,1,3,E,140,D
20221,04956221,39,3,1,162,E,150,D
20221,04956221,39,4,1,25,E,160,D
20221,04956221,39,5,1,23,E,170,D
20221,04956221,39,6,1,339,E,180,D
20221,04956221,39,7,1,28,E,190,D
20221,04956271,25,0,1,,H,,A
20221,04956271,25,1,1,319,E,100,D
20221,04956271,25,2,1,81,E,110,D
20221,04956931,21,0,1,,H,,A
20221,04956931,21,1,1,350,E,130,D
20221,04961831,14,0,1,,H,,A
20221,04961831,14,1,1,14,E,120,D
20221,04961831,14,2,1,1,E,140,D
20221,04961831,14,3,1,47,E,150,D
20221,04961831,14,4,1,22,E,160,D
20221,04961831,14,5,1,16,E,190,D
20221,04962651,15,0,1,,H,,A
20221,04962651,15,1,1,59,E,100,D
20221,04962651,15,2,1,12,E,110,D
20221,04962651,15,3,1,35,E,120,D
20221,04962651,15,4,1,143,E,130,D
20221,04962651,15,5,1,5,E,140,D
20221,04962651,15,6,1,171,E,150,D
20221,04962651,15,7,1,31,E,160,D
20221,04962651,15,8,1,12,E,170,D
20221,04962651,15,9,1,32,E,190,D
20221,04963241,19,0,1,,H,,A
20221,04963241,19,1,1,33,E,120,D
20221,04963241,19,2,1,9,E,140,D
20221,04963241,19,3,1,189,E,150,D
20221,04963241,19,4,1,34,E,160,D
20221,04963241,19,5,1,13,E,170,D
20221,04963241,19,6,1,35,E,190,D
20221,04965151,34,0,1,,H,,A
20221,04965151,34,1,1,19,E,100,D
20221,04965151,34,2,1,4,E,110,D
20221,04965151,34,3,1,6,E,120,D
20221,04965151,34,4,1,44,E,130,D
20221,04965151,34,5,1,1,E,140,D
20221,04965151,34,6,1,49,E,150,D
20221,04965151,34,7,1,7,E,160,D
20221,04965151,34,8,1,7,E,170,D
20221,04965151,34,9,1,105,E,180,D
20221,04965151,34,10,1,8,E,190,D
